time,open,high,low,close,volume,Up,HighVol,BreakMA5
2019-01-02,2.82,2.82,2.75,2.78,2033485,0,0,0
2019-01-03,2.78,2.82,2.67,2.71,6882054,0,1,0
2019-01-04,2.71,2.75,2.67,2.71,3820522,0,0,0
2019-01-07,2.75,2.78,2.71,2.78,2727864,1,0,0
2019-01-08,2.78,2.78,2.71,2.71,1689051,0,0,0
2019-01-09,2.75,2.78,2.71,2.78,3395083,1,0,1
2019-01-10,2.78,2.78,2.71,2.71,3572910,0,0,0
2019-01-11,2.71,2.75,2.71,2.71,2306683,0,0,0
2019-01-14,2.75,2.78,2.71,2.71,5212044,0,0,0
2019-01-15,2.71,2.78,2.67,2.75,3934698,1,1,1
2019-01-16,2.75,2.78,2.71,2.71,1316558,0,0,0
2019-01-17,2.75,2.75,2.71,2.71,2192409,0,0,0
2019-01-18,2.75,2.75,2.71,2.71,2322572,0,0,0
2019-01-21,2.71,2.82,2.71,2.78,7800814,1,1,1
2019-01-22,2.78,2.82,2.71,2.71,2980253,0,1,0
2019-01-23,2.71,2.78,2.71,2.75,986585,1,0,1
2019-01-24,2.75,2.78,2.71,2.75,3546651,0,0,1
2019-01-25,2.78,2.78,2.71,2.75,2046634,0,0,1
2019-01-28,2.78,2.78,2.71,2.75,4082476,0,0,1
2019-01-29,2.75,2.75,2.71,2.75,1784661,0,0,0
2019-01-30,2.75,2.78,2.71,2.78,3354788,1,0,1
2019-01-31,2.75,2.82,2.75,2.78,3127875,0,0,1
2019-02-01,2.75,2.78,2.75,2.78,1495350,0,0,1
2019-02-11,2.75,2.98,2.75,2.94,9468726,1,1,1
2019-02-12,2.9,2.98,2.9,2.98,7180566,1,0,1
2019-02-13,2.98,3.02,2.94,2.98,6728714,0,0,1
2019-02-14,2.98,3.05,2.94,3.05,9152025,1,1,1
2019-02-15,3.05,3.05,2.98,2.98,6955297,0,0,0
2019-02-18,2.98,3.02,2.94,2.98,5593251,0,0,0
2019-02-19,2.98,3.02,2.9,2.9,7813159,0,1,0
2019-02-20,2.9,2.98,2.9,2.9,4970891,0,0,0
2019-02-21,2.9,2.98,2.9,2.9,2822196,0,0,0
2019-02-22,2.94,3.02,2.9,2.94,5760463,1,1,1
2019-02-25,2.94,3.02,2.94,2.94,4821870,0,0,1
2019-02-26,2.98,2.98,2.9,2.94,4584332,0,0,1
2019-02-27,2.9,2.98,2.9,2.94,4203700,0,0,1
2019-02-28,2.94,2.94,2.86,2.86,4771835,0,0,0
2019-03-01,2.86,2.94,2.86,2.94,3959591,1,0,1
2019-03-04,2.9,2.98,2.9,2.94,4671322,0,0,1
2019-03-05,2.94,2.98,2.9,2.9,4242228,0,0,0
2019-03-06,2.9,2.98,2.9,2.94,4924862,1,0,1
2019-03-07,2.94,3.09,2.94,3.05,18895406,1,1,1
2019-03-08,3.05,3.05,2.98,3.02,5751186,0,0,1
2019-03-11,3.02,3.05,2.98,3.02,2760603,0,0,1
2019-03-12,3.02,3.13,2.98,3.13,12186115,1,1,1
2019-03-13,3.13,3.21,3.05,3.05,15340168,0,1,0
2019-03-14,3.05,3.13,3.05,3.05,4877970,0,0,0
2019-03-15,3.05,3.13,3.05,3.09,6504595,1,0,1
2019-03-18,3.09,3.13,3.05,3.09,4357444,0,0,1
2019-03-19,3.09,3.13,3.05,3.05,9026975,0,0,0
2019-03-20,3.05,3.05,2.98,3.02,6551630,0,0,0
2019-03-21,3.05,3.05,2.98,2.98,6578268,0,0,0
2019-03-22,2.98,2.98,2.94,2.98,4204525,0,0,0
2019-03-25,2.94,2.94,2.86,2.86,8605126,0,0,0
2019-03-26,2.86,2.94,2.86,2.86,4178627,0,0,0
2019-03-27,2.9,2.98,2.9,2.94,5114273,1,0,1
2019-03-28,2.98,2.98,2.9,2.94,2475298,0,0,1
2019-03-29,2.94,2.98,2.9,2.9,1433927,0,0,0
2019-04-01,2.94,2.98,2.9,2.98,1837471,1,0,1
2019-04-02,2.98,3.02,2.9,2.94,1895038,0,1,0
2019-04-03,2.94,2.98,2.9,2.94,701166,0,0,0
2019-04-04,2.94,2.94,2.9,2.94,4877249,0,0,0
2019-04-05,2.94,2.94,2.9,2.9,698791,0,0,0
2019-04-08,2.9,2.98,2.9,2.98,2864982,1,0,1
2019-04-09,2.98,2.98,2.9,2.9,2670693,0,0,0
2019-04-10,2.94,2.94,2.86,2.9,2464239,0,0,0
2019-04-11,2.9,2.94,2.9,2.94,1650873,1,0,1
2019-04-12,2.9,2.94,2.86,2.9,1590806,0,0,0
2019-04-16,2.9,2.94,2.82,2.94,5268355,1,1,1
2019-04-17,2.94,2.94,2.86,2.86,1125252,0,0,0
2019-04-18,2.9,2.94,2.86,2.86,2975338,0,0,0
2019-04-19,2.9,2.94,2.86,2.9,2359687,1,0,1
2019-04-22,2.94,2.94,2.86,2.9,2006486,0,0,1
2019-04-23,2.9,2.94,2.86,2.9,2541541,0,0,1
2019-04-24,2.9,2.98,2.9,2.9,7729553,0,0,1
2019-04-25,2.9,2.98,2.9,2.9,2022765,0,0,0
2019-04-26,2.63,2.94,2.63,2.9,2091608,0,1,0
2019-05-02,2.94,2.94,2.86,2.9,3938332,0,0,0
2019-05-03,2.9,2.94,2.86,2.86,2207117,0,0,0
2019-05-06,2.86,2.9,2.78,2.82,8405734,0,1,0
2019-05-07,2.86,2.9,2.82,2.82,2319566,0,0,0
2019-05-08,2.82,2.86,2.78,2.86,2678366,1,0,1
2019-05-09,2.86,2.86,2.82,2.86,1431012,0,0,1
2019-05-10,2.86,2.86,2.82,2.86,931795,0,0,1
2019-05-13,2.86,2.9,2.82,2.86,5498529,0,0,1
2019-05-14,2.86,2.86,2.82,2.82,1391348,0,0,0
2019-05-15,2.86,2.9,2.82,2.86,3929938,1,0,1
2019-05-16,2.86,2.9,2.82,2.86,3043754,0,0,1
2019-05-17,2.86,2.9,2.82,2.82,7641525,0,0,0
2019-05-20,2.86,2.86,2.82,2.82,2016565,0,0,0
2019-05-21,2.82,2.86,2.78,2.78,3331288,0,0,0
2019-05-22,2.78,2.86,2.75,2.78,9419235,0,1,0
2019-05-23,2.78,2.82,2.78,2.82,1146944,1,0,1
2019-05-24,2.82,2.82,2.75,2.75,2495230,0,0,0
2019-05-27,2.75,2.78,2.75,2.75,2308990,0,0,0
2019-05-28,2.75,2.78,2.71,2.75,2751465,0,0,0
2019-05-29,2.75,2.78,2.71,2.75,3669477,0,0,0
2019-05-30,2.75,2.78,2.71,2.78,3612109,1,0,1
2019-05-31,2.78,2.78,2.71,2.71,1627897,0,0,0
2019-06-03,2.75,2.75,2.67,2.71,4977725,0,0,0
2019-06-04,2.71,2.75,2.67,2.71,2015189,0,0,0
2019-06-05,2.71,2.75,2.67,2.71,1871717,0,0,0
2019-06-06,2.71,2.71,2.67,2.71,795858,0,0,0
2019-06-07,2.71,2.75,2.67,2.75,2192184,1,0,1
2019-06-10,2.71,2.75,2.71,2.71,889916,0,0,0
2019-06-11,2.71,2.75,2.67,2.71,2168461,0,0,0
2019-06-12,2.71,2.71,2.67,2.71,914748,0,0,0
2019-06-13,2.71,2.75,2.67,2.71,2616757,0,0,0
2019-06-14,2.67,2.75,2.67,2.71,3137283,0,0,0
2019-06-17,2.71,2.75,2.67,2.71,1781275,0,0,0
2019-06-18,2.71,2.71,2.67,2.71,1269770,0,0,0
2019-06-19,2.71,2.75,2.67,2.71,2515936,0,0,0
2019-06-20,2.67,2.75,2.67,2.75,1892082,1,0,1
2019-06-21,2.75,2.75,2.71,2.71,2650738,0,0,0
2019-06-24,2.75,2.75,2.67,2.71,2293837,0,0,0
2019-06-25,2.71,2.71,2.67,2.71,946565,0,0,0
2019-06-26,2.67,2.71,2.67,2.67,1977082,0,0,0
2019-06-27,2.67,2.71,2.59,2.63,7044771,0,1,0
2019-06-28,2.63,2.67,2.59,2.63,3873888,0,1,0
2019-07-01,2.63,2.67,2.63,2.63,4059470,0,0,0
2019-07-02,2.67,2.67,2.59,2.59,5349350,0,1,0
2019-07-03,2.59,2.63,2.59,2.59,923914,0,0,0
2019-07-04,2.63,2.67,2.59,2.63,3851297,1,1,1
2019-07-05,2.63,2.67,2.59,2.63,2319169,0,1,1
2019-07-08,2.63,2.67,2.59,2.59,767395,0,1,0
2019-07-09,2.63,2.63,2.59,2.59,1201769,0,0,0
2019-07-10,2.59,2.63,2.59,2.59,1145355,0,0,0
2019-07-11,2.59,2.67,2.59,2.63,3212091,1,1,1
2019-07-12,2.67,2.67,2.59,2.59,2234725,0,1,0
2019-07-15,2.63,2.63,2.59,2.59,698259,0,0,0
2019-07-16,2.63,2.63,2.59,2.59,2837140,0,0,0
2019-07-17,2.63,2.67,2.59,2.63,7431226,1,1,1
2019-07-18,2.63,2.67,2.59,2.63,3502537,0,1,1
2019-07-19,2.63,2.67,2.59,2.67,3296284,1,0,1
2019-07-22,2.67,2.67,2.59,2.63,3553148,0,1,0
2019-07-23,2.63,2.67,2.59,2.63,3123309,0,1,0
2019-07-24,2.63,2.71,2.63,2.63,6613100,0,1,0
2019-07-25,2.63,2.67,2.63,2.67,1368419,1,0,1
2019-07-26,2.67,2.67,2.63,2.67,4236831,0,0,1
2019-07-29,2.63,2.67,2.59,2.63,1478717,0,1,0
2019-07-30,2.63,2.63,2.55,2.55,3580677,0,1,0
2019-07-31,2.55,2.59,2.47,2.55,9593717,0,1,0
2019-08-01,2.55,2.59,2.51,2.55,2954962,0,1,0
2019-08-02,2.55,2.55,2.51,2.55,1128787,0,0,0
2019-08-05,2.55,2.55,2.47,2.51,4611097,0,1,0
2019-08-06,2.47,2.51,2.44,2.47,3949015,0,0,0
2019-08-07,2.47,2.51,2.44,2.47,2091815,0,0,0
2019-08-08,2.47,2.51,2.44,2.47,2085509,0,0,0
2019-08-09,2.47,2.51,2.47,2.47,2219241,0,0,0
2019-08-12,2.47,2.51,2.47,2.47,1033448,0,0,0
2019-08-13,2.47,2.51,2.44,2.47,1780796,0,0,0
2019-08-14,2.47,2.51,2.44,2.47,1961389,0,0,0
2019-08-15,2.47,2.47,2.4,2.44,2775767,0,0,0
2019-08-16,2.44,2.47,2.4,2.44,3378952,0,0,0
2019-08-19,2.44,2.47,2.4,2.44,2151786,0,0,0
2019-08-20,2.44,2.47,2.4,2.4,6238858,0,0,0
2019-08-21,2.4,2.4,2.36,2.36,5226753,0,0,0
2019-08-22,2.32,2.4,2.32,2.36,2565008,0,1,0
2019-08-23,2.36,2.44,2.36,2.44,5467301,1,1,1
2019-08-26,2.44,2.44,2.36,2.44,2997472,0,1,1
2019-08-27,2.44,2.47,2.4,2.44,3619470,0,0,1
2019-08-28,2.44,2.47,2.4,2.44,2363726,0,0,1
2019-08-29,2.44,2.47,2.44,2.44,1196348,0,0,0
2019-08-30,2.44,2.47,2.4,2.44,2124956,0,0,0
2019-09-03,2.47,2.47,2.4,2.4,2415703,0,0,0
2019-09-04,2.44,2.44,2.36,2.44,2036434,1,1,1
2019-09-05,2.44,2.44,2.4,2.4,1230525,0,0,0
2019-09-06,2.44,2.44,2.36,2.4,1402399,0,1,0
2019-09-09,2.4,2.4,2.36,2.4,610473,0,0,0
2019-09-10,2.4,2.44,2.36,2.4,1472328,0,1,0
2019-09-11,2.36,2.4,2.36,2.4,1086359,0,0,0
2019-09-12,2.36,2.44,2.36,2.4,1793992,0,1,0
2019-09-13,2.4,2.47,2.4,2.44,3719112,1,0,1
2019-09-16,2.44,2.47,2.4,2.47,2609455,1,0,1
2019-09-17,2.47,2.47,2.44,2.44,2114474,0,0,1
2019-09-18,2.47,2.47,2.44,2.44,1225628,0,0,1
2019-09-19,2.44,2.55,2.44,2.55,5689809,1,1,1
2019-09-20,2.55,2.59,2.51,2.51,2834949,0,1,1
2019-09-23,2.51,2.59,2.51,2.55,3423276,1,1,1
2019-09-24,2.55,2.55,2.51,2.51,2874692,0,0,0
2019-09-25,2.51,2.55,2.47,2.51,1466360,0,1,0
2019-09-26,2.51,2.59,2.51,2.59,3054876,1,1,1
2019-09-27,2.55,2.59,2.55,2.55,1976014,0,0,1
2019-09-30,2.55,2.63,2.55,2.55,2659011,0,1,1
2019-10-01,2.55,2.59,2.51,2.55,1957804,0,1,0
2019-10-02,2.55,2.59,2.51,2.51,1373693,0,1,0
2019-10-03,2.51,2.55,2.47,2.55,1753704,1,1,1
2019-10-04,2.55,2.55,2.51,2.51,692012,0,0,0
2019-10-07,2.55,2.55,2.47,2.51,1861380,0,1,0
2019-10-08,2.51,2.55,2.51,2.51,1642425,0,0,0
2019-10-09,2.51,2.59,2.51,2.51,2772198,0,1,0
2019-10-10,2.55,2.55,2.51,2.51,998113,0,0,0
2019-10-11,2.55,2.59,2.51,2.55,1798906,1,1,1
2019-10-14,2.55,2.63,2.55,2.59,5452508,1,1,1
2019-10-15,2.59,2.63,2.55,2.59,1850797,0,1,1
2019-10-16,2.59,2.63,2.59,2.59,2215770,0,0,1
2019-10-17,2.59,2.63,2.55,2.59,1327624,0,1,1
2019-10-18,2.59,2.59,2.51,2.55,2705778,0,1,0
2019-10-21,2.55,2.55,2.47,2.51,4536917,0,1,0
2019-10-22,2.51,2.55,2.51,2.55,1433960,1,0,0
2019-10-23,2.55,2.55,2.51,2.51,2654492,0,0,0
2019-10-24,2.51,2.55,2.51,2.55,501837,1,0,1
2019-10-25,2.51,2.59,2.51,2.51,2135660,0,1,0
2019-10-28,2.55,2.63,2.51,2.59,4877805,1,1,1
2019-10-29,2.63,2.67,2.55,2.55,1318977,0,1,1
2019-10-30,2.55,2.59,2.55,2.55,1477074,0,0,0
2019-10-31,2.59,2.63,2.55,2.55,4408265,0,1,0
2019-11-01,2.55,2.59,2.55,2.55,1985704,0,0,0
2019-11-04,2.55,2.67,2.55,2.59,5626319,1,1,1
2019-11-05,2.59,2.63,2.55,2.59,2862740,0,1,1
2019-11-06,2.59,2.63,2.59,2.59,2399849,0,0,1
2019-11-07,2.59,2.63,2.59,2.63,1742118,1,0,1
2019-11-08,2.63,2.67,2.59,2.63,3735401,0,1,1
2019-11-11,2.63,2.63,2.59,2.59,2486069,0,0,0
2019-11-12,2.59,2.63,2.59,2.59,1114075,0,0,0
2019-11-13,2.59,2.63,2.55,2.59,3882309,0,1,0
2019-11-14,2.59,2.59,2.55,2.55,1009919,0,0,0
2019-11-15,2.55,2.59,2.51,2.55,2830430,0,1,0
2019-11-18,2.59,2.59,2.51,2.51,2177965,0,1,0
2019-11-19,2.51,2.55,2.51,2.51,1034709,0,0,0
2019-11-20,2.55,2.55,2.51,2.55,2163539,1,0,1
2019-11-21,2.55,2.55,2.47,2.51,2113433,0,1,0
2019-11-22,2.51,2.51,2.47,2.47,2266356,0,0,0
2019-11-25,2.47,2.51,2.44,2.47,2104471,0,0,0
2019-11-26,2.47,2.51,2.47,2.47,2027069,0,0,0
2019-11-27,2.51,2.51,2.44,2.44,1641829,0,0,0
2019-11-28,2.44,2.47,2.4,2.4,1903109,0,0,0
2019-11-29,2.4,2.4,2.32,2.32,4491797,0,1,0
2019-12-02,2.32,2.36,2.28,2.28,3284751,0,1,0
2019-12-03,2.28,2.36,2.28,2.32,1961490,1,1,0
2019-12-04,2.32,2.4,2.32,2.36,1357587,1,1,1
2019-12-05,2.36,2.4,2.32,2.36,1714885,0,1,1
2019-12-06,2.36,2.4,2.32,2.36,1706660,0,1,1
2019-12-09,2.4,2.4,2.32,2.36,1229267,0,1,1
2019-12-10,2.36,2.36,2.32,2.32,1101616,0,0,0
2019-12-11,2.36,2.36,2.28,2.36,1188911,1,1,1
2019-12-12,2.36,2.36,2.32,2.32,859454,0,0,0
2019-12-13,2.32,2.36,2.32,2.32,1287829,0,0,0
2019-12-16,2.36,2.55,2.36,2.47,8212423,1,1,1
2019-12-17,2.47,2.51,2.4,2.44,3629055,0,1,1
2019-12-18,2.44,2.47,2.4,2.4,1234769,0,0,1
2019-12-19,2.4,2.44,2.36,2.4,2917570,0,1,0
2019-12-20,2.4,2.44,2.36,2.4,1645382,0,1,0
2019-12-23,2.4,2.44,2.36,2.4,2001002,0,1,0
2019-12-24,2.4,2.4,2.36,2.4,1083863,0,0,0
2019-12-25,2.4,2.44,2.36,2.4,1527551,0,1,0
2019-12-26,2.4,2.4,2.36,2.36,1602485,0,0,0
2019-12-27,2.36,2.47,2.36,2.47,3477811,1,1,1
2019-12-30,2.47,2.55,2.44,2.47,6453871,0,1,1
2019-12-31,2.51,2.55,2.47,2.51,3941407,1,1,1
2020-01-02,2.51,2.59,2.51,2.59,5266138,1,1,1
2020-01-03,2.59,2.59,2.51,2.51,2756634,0,1,0
2020-01-06,2.51,2.55,2.47,2.47,2225405,0,1,0
2020-01-07,2.47,2.55,2.47,2.47,1900049,0,1,0
2020-01-08,2.47,2.55,2.44,2.47,4952178,0,1,0
2020-01-09,2.51,2.59,2.47,2.51,4564607,1,1,1
2020-01-10,2.55,2.75,2.55,2.75,12074293,1,1,1
2020-01-13,2.75,2.82,2.71,2.78,6713670,1,1,1
2020-01-14,2.78,2.82,2.75,2.78,4214729,0,0,1
2020-01-15,2.78,2.86,2.75,2.86,5862093,1,1,1
2020-01-16,2.86,2.98,2.86,2.9,5813973,1,1,1
2020-01-17,2.9,2.98,2.82,2.82,5603239,0,1,0
2020-01-20,2.82,2.86,2.78,2.78,5686173,0,0,0
2020-01-21,2.75,2.94,2.75,2.86,3921607,1,1,1
2020-01-22,2.86,2.98,2.86,2.98,5596112,1,1,1
2020-01-30,2.94,3.05,2.86,2.9,9105370,0,1,1
2020-01-31,2.9,3.05,2.86,2.9,18935757,0,1,1
2020-02-03,2.82,3.05,2.82,3.05,27397994,1,1,1
2020-02-04,3.13,3.18,3.09,3.18,7888715,1,0,1
2020-02-05,3.18,3.46,3.18,3.46,13147005,1,1,1
2020-02-06,3.46,3.65,3.46,3.55,9104379,1,1,1
2020-02-07,3.55,3.6,3.32,3.32,10890679,0,1,1
2020-02-10,3.32,3.37,3.18,3.18,10748016,0,1,0
2020-02-11,3.23,3.37,3.18,3.37,9393306,1,1,0
2020-02-12,3.37,3.46,3.37,3.41,8981890,1,0,1
2020-02-13,3.41,3.41,3.27,3.37,11588530,0,1,1
2020-02-14,3.37,3.46,3.37,3.41,5467484,1,0,1
2020-02-17,3.41,3.51,3.37,3.46,6810878,1,1,1
2020-02-18,3.41,3.46,3.37,3.41,4349999,0,0,0
2020-02-19,3.41,3.41,3.27,3.27,6807758,0,1,0
2020-02-20,3.27,3.37,3.23,3.23,9524499,0,1,0
2020-02-21,3.27,3.32,3.18,3.23,4420990,0,1,0
2020-02-24,3.23,3.37,3.13,3.32,20882603,1,1,1
2020-02-25,3.27,3.46,3.23,3.41,14034831,1,1,1
2020-02-26,3.41,3.74,3.37,3.74,30512712,1,1,1
2020-02-27,3.74,4.11,3.74,4.11,18183092,1,1,1
2020-02-28,4.11,4.49,4.02,4.49,34257491,1,1,1
2020-03-02,4.44,4.91,4.25,4.91,54625808,1,1,1
2020-03-03,4.91,5.38,4.82,5.28,42647821,1,1,1
2020-03-04,5.19,5.61,5.05,5.61,50027154,1,1,1
2020-03-05,5.56,6.17,5.52,6.03,65589848,1,1,1
2020-03-06,6.03,6.08,5.61,5.8,22246933,0,1,1
2020-03-09,5.28,5.66,5.24,5.24,4400928,0,1,0
2020-03-10,4.72,5.24,4.72,4.72,14000432,0,1,0
2020-03-11,4.49,5.19,4.44,5.19,28794377,1,1,0
2020-03-12,5.19,5.38,5.05,5.24,16970413,1,1,1
2020-03-13,5.0,5.28,4.72,5.14,28882992,0,1,1
2020-03-16,5.1,5.14,4.91,5.14,8688136,0,1,1
2020-03-17,5.0,5.28,4.86,5.28,12201261,1,1,1
2020-03-18,5.14,5.61,5.14,5.56,7407963,1,1,1
2020-03-19,5.56,5.56,5.38,5.52,4986718,0,1,1
2020-03-20,5.47,5.61,5.33,5.61,6011812,1,1,1
2020-03-23,5.42,5.61,5.42,5.52,13749681,0,1,1
2020-03-24,5.47,5.61,5.42,5.56,8322806,1,1,1
2020-03-25,5.56,5.94,5.56,5.94,4967554,1,1,1
2020-03-26,5.94,5.98,5.75,5.84,4013630,0,1,1
2020-03-27,5.84,5.89,5.66,5.8,3671541,0,1,1
2020-03-30,5.7,5.7,5.42,5.56,4326720,0,1,0
2020-03-31,5.56,5.8,5.56,5.7,3548092,1,1,0
2020-04-01,5.61,6.08,5.61,6.03,3776573,1,1,1
2020-04-03,6.03,6.22,5.98,6.22,4185700,1,1,1
2020-04-06,6.08,6.83,6.08,6.83,9067705,1,1,1
2020-04-07,6.83,6.97,6.64,6.97,5730224,1,1,1
2020-04-08,6.92,7.25,6.83,7.25,6052955,1,1,1
2020-04-09,7.2,7.71,7.11,7.67,3893860,1,1,1
2020-04-10,7.62,8.42,7.01,8.18,4915216,1,1,1
2020-04-13,8.23,8.51,7.95,8.32,3262672,1,1,1
2020-04-14,8.32,8.32,7.99,8.32,5084359,0,1,1
2020-04-15,8.28,8.42,8.23,8.42,5145129,1,0,1
2020-04-16,8.42,8.42,8.18,8.37,2606662,0,0,1
2020-04-17,8.18,8.51,8.18,8.42,4932621,1,1,1
2020-04-20,8.42,8.42,8.14,8.14,4937658,0,1,0
2020-04-21,7.95,8.14,7.34,7.34,5584359,0,1,0
2020-04-22,7.25,7.85,6.78,7.57,3305313,1,1,0
2020-04-23,7.57,7.85,7.53,7.67,1785925,1,1,0
2020-04-24,7.48,7.67,7.48,7.67,1236565,0,0,0
2020-04-27,7.62,7.67,7.43,7.53,1674463,0,1,0
2020-04-28,7.53,7.53,7.2,7.48,1814591,0,1,0
2020-04-29,7.48,7.48,7.34,7.43,1362714,0,0,0
2020-05-04,7.39,7.39,7.25,7.29,1922976,0,0,0
2020-05-05,7.25,7.39,7.06,7.11,2449848,0,1,0
2020-05-06,7.11,7.25,6.92,7.25,2734983,1,1,0
2020-05-07,7.25,7.53,7.25,7.53,2012928,1,1,1
2020-05-08,7.53,7.95,7.25,7.95,3808903,1,1,1
2020-05-11,7.95,8.18,7.9,8.18,2107280,1,1,1
2020-05-12,8.18,8.18,7.99,8.09,1544029,0,0,1
2020-05-13,7.99,8.14,7.9,8.09,1176130,0,0,1
2020-05-14,8.04,8.14,7.9,8.04,2680578,0,0,0
2020-05-15,8.04,8.04,7.25,7.25,4373756,0,1,0
2020-05-18,7.25,7.25,6.55,6.97,6367453,0,1,0
2020-05-19,6.97,7.2,6.73,6.78,4170990,0,1,0
2020-05-20,6.78,6.78,6.12,6.12,6287217,0,1,0
2020-05-21,5.52,5.84,5.52,5.61,26292100,0,1,0
2020-05-22,5.61,6.17,5.38,6.17,13863233,1,1,0
2020-05-25,6.36,6.78,6.12,6.59,8898341,1,1,1
2020-05-26,6.45,6.69,6.12,6.55,9933431,0,1,1
2020-05-27,6.5,6.64,6.26,6.36,9628207,0,1,1
2020-05-28,6.36,6.69,6.26,6.59,9248948,1,1,1
2020-05-29,6.59,6.59,6.41,6.55,6773051,0,0,1
2020-06-01,6.55,6.64,6.41,6.59,9478349,1,1,1
2020-06-02,6.55,6.69,6.45,6.55,4778747,0,1,1
2020-06-03,6.55,7.11,6.45,7.11,12214182,1,1,1
2020-06-04,7.11,7.48,7.11,7.43,6320457,1,1,1
2020-06-05,7.43,7.48,7.29,7.48,5735946,1,0,1
2020-06-08,7.48,7.76,7.43,7.67,7691861,1,1,1
2020-06-09,7.57,7.71,7.53,7.53,4048463,0,0,1
2020-06-10,7.53,7.67,7.39,7.57,4871557,1,1,1
2020-06-11,7.67,7.9,7.25,7.25,11068056,0,1,0
2020-06-12,7.01,7.48,6.55,7.48,3997346,1,1,0
2020-06-15,7.48,7.67,7.25,7.39,7107827,0,1,0
2020-06-16,7.62,7.67,7.34,7.53,8303243,1,1,1
2020-06-17,7.48,7.53,6.78,6.78,5295572,0,1,0
2020-06-18,6.78,6.87,6.45,6.55,4087187,0,1,0
2020-06-19,6.55,6.87,6.55,6.87,1899304,1,1,0
2020-06-22,6.87,7.06,6.78,6.78,1547627,0,1,0
2020-06-23,6.78,6.83,6.55,6.64,3125484,0,1,0
2020-06-24,6.64,6.83,6.5,6.5,3058217,0,1,0
2020-06-25,6.5,6.69,6.36,6.69,1218440,1,1,0
2020-06-26,6.69,6.83,6.55,6.55,1661000,0,1,0
2020-06-29,6.5,6.5,6.08,6.12,1810313,0,1,0
2020-06-30,6.17,6.31,5.7,6.08,3048688,0,1,0
2020-07-01,6.08,6.26,5.75,6.17,1490369,1,1,0
2020-07-02,6.17,6.22,6.08,6.08,1258750,0,0,0
2020-07-03,6.08,6.12,5.98,5.98,1079047,0,0,0
2020-07-06,5.94,6.12,5.89,6.03,1669494,1,1,0
2020-07-07,6.03,6.26,5.61,6.12,2588555,1,1,1
2020-07-08,5.8,6.22,5.8,6.12,1322431,0,1,1
2020-07-09,6.17,6.26,6.08,6.22,2207065,1,0,1
2020-07-10,6.22,6.26,6.12,6.12,1245647,0,0,0
2020-07-13,6.17,6.17,6.03,6.08,1939520,0,0,0
2020-07-14,6.08,6.08,5.98,6.08,2109415,0,0,0
2020-07-15,6.12,6.12,5.98,5.98,2220375,0,0,0
2020-07-16,5.98,6.08,5.94,6.03,1813339,1,0,0
2020-07-17,6.03,6.17,5.94,6.08,2633880,1,1,1
2020-07-20,6.08,6.12,5.98,6.03,2219626,0,0,0
2020-07-21,6.03,6.08,5.94,6.03,2286887,0,0,1
2020-07-22,6.03,6.03,5.89,5.94,2032985,0,0,0
2020-07-23,5.94,5.94,5.7,5.7,2364132,0,1,0
2020-07-24,5.75,5.8,5.14,5.28,3027363,0,1,0
2020-07-27,5.14,5.19,4.77,4.77,5271344,0,1,0
2020-07-28,4.68,5.24,4.63,5.24,1999471,1,1,0
2020-07-29,5.28,5.75,4.82,5.56,3203580,1,1,1
2020-07-30,5.52,5.8,5.42,5.56,2219651,0,1,1
2020-07-31,5.42,5.56,5.24,5.52,2249182,0,1,1
2020-08-03,5.42,5.7,5.38,5.66,2448825,1,1,1
2020-08-04,5.75,5.89,5.66,5.89,4077299,1,1,1
2020-08-05,5.89,6.03,5.8,6.03,2609136,1,1,1
2020-08-06,6.03,6.03,5.84,5.98,2234716,0,1,1
2020-08-07,5.94,6.03,5.84,5.84,2302905,0,1,0
2020-08-10,5.84,5.98,5.84,5.94,2303126,1,0,1
2020-08-11,5.89,5.94,5.52,5.89,1533420,0,1,0
2020-08-12,5.84,5.94,5.8,5.89,1479341,0,0,0
2020-08-13,5.94,5.94,5.8,5.94,2493483,1,0,1
2020-08-14,5.94,5.94,5.66,5.84,3428998,0,1,0
2020-08-17,5.8,5.84,5.7,5.84,1279175,0,0,0
2020-08-18,5.8,5.84,5.7,5.8,1662460,0,0,0
2020-08-19,5.8,6.36,5.75,6.36,8288650,1,1,1
2020-08-20,6.31,6.5,6.22,6.26,1569654,0,1,1
2020-08-21,6.26,6.31,6.22,6.26,2665504,0,0,1
2020-08-24,6.12,6.55,6.12,6.41,3605438,1,1,1
2020-08-25,6.41,6.55,6.31,6.36,3263808,0,1,1
2020-08-26,6.36,6.41,6.26,6.26,2974127,0,0,0
2020-08-27,6.26,6.36,6.22,6.36,2860231,1,0,1
2020-08-28,6.36,6.69,6.36,6.55,7182491,1,1,1
2020-08-31,6.55,6.69,6.5,6.5,3840833,0,0,1
2020-09-01,6.64,6.64,6.45,6.59,2901069,1,0,1
2020-09-03,6.59,6.73,6.5,6.59,3325319,0,1,1
2020-09-04,6.59,6.59,6.31,6.55,2911562,0,1,0
2020-09-07,6.55,6.64,6.41,6.45,4914333,0,1,0
2020-09-08,6.45,6.5,6.36,6.45,2420180,0,0,0
2020-09-09,6.41,6.5,6.31,6.5,2020868,1,0,0
2020-09-10,6.5,6.59,6.5,6.5,2441284,0,0,1
2020-09-11,6.5,6.92,6.5,6.83,7119274,1,1,1
2020-09-14,6.83,6.92,6.69,6.78,3928684,0,1,1
2020-09-15,6.83,6.83,6.73,6.78,3327918,0,0,1
2020-09-16,6.78,6.83,6.69,6.69,2044800,0,0,0
2020-09-17,6.69,6.87,6.69,6.73,3230366,1,0,0
2020-09-18,6.73,6.83,6.73,6.78,2645106,1,0,1
2020-09-21,6.83,7.2,6.83,7.01,6373333,1,1,1
2020-09-22,7.01,7.29,6.97,7.2,6059487,1,1,1
2020-09-23,7.25,7.29,7.15,7.25,3871713,1,0,1
2020-09-24,7.25,7.29,7.15,7.2,3043715,0,0,1
2020-09-25,7.2,7.25,7.06,7.2,4512426,0,0,1
2020-09-28,7.25,7.43,7.15,7.29,2913564,1,1,1
2020-09-29,7.29,7.39,7.11,7.11,3785398,0,1,0
2020-09-30,7.11,7.2,7.06,7.2,2039515,1,0,0
2020-10-01,7.2,7.25,7.15,7.2,2220008,0,0,0
2020-10-02,7.2,7.34,7.06,7.2,5375873,0,1,0
2020-10-05,7.2,7.43,7.2,7.29,2325000,1,1,1
2020-10-06,7.34,7.34,7.2,7.2,2903600,0,0,0
2020-10-07,7.2,7.34,7.15,7.2,3639400,0,0,0
2020-10-08,7.25,7.25,7.11,7.2,2372400,0,0,0
2020-10-09,7.2,7.34,7.2,7.29,3677300,1,0,1
2020-10-12,7.29,7.43,7.2,7.25,2898400,0,1,1
2020-10-13,7.29,7.29,7.15,7.2,2180200,0,0,0
2020-10-14,7.2,7.34,7.15,7.29,3876000,1,0,1
2020-10-15,7.29,7.71,7.29,7.62,7859200,1,1,1
2020-10-16,7.62,7.76,7.53,7.57,2616200,0,1,1
2020-10-19,7.57,7.57,7.43,7.48,3038100,0,0,1
2020-10-20,7.48,7.48,7.34,7.39,2968500,0,0,0
2020-10-21,7.39,7.53,7.39,7.39,2205400,0,0,0
2020-10-22,7.43,7.43,7.29,7.34,1745800,0,0,0
2020-10-23,7.39,7.62,7.34,7.53,5918300,1,1,1
2020-10-26,7.57,7.67,7.43,7.43,3339200,0,1,1
2020-10-27,7.43,7.48,7.34,7.34,2651400,0,0,0
2020-10-28,7.29,7.34,7.01,7.01,4074800,0,1,0
2020-10-29,7.01,7.2,6.92,7.06,2796000,1,1,0
2020-10-30,7.11,7.25,7.01,7.2,1457900,1,1,0
2020-11-02,7.25,7.29,7.15,7.29,1635800,1,0,1
2020-11-03,7.34,7.39,7.29,7.39,2057800,1,0,1
2020-11-04,7.39,7.48,7.34,7.48,2194400,1,0,1
2020-11-05,7.43,7.48,7.34,7.39,2194100,0,0,1
2020-11-06,7.39,7.53,7.34,7.53,3303200,1,0,1
2020-11-09,7.53,7.95,7.48,7.95,7664200,1,1,1
2020-11-10,7.95,8.18,7.9,7.95,3546000,0,1,1
2020-11-11,7.9,7.99,7.81,7.95,2424400,0,0,1
2020-11-12,7.95,8.18,7.85,8.18,3558900,1,1,1
2020-11-13,8.18,8.18,7.99,8.09,3702300,0,0,1
2020-11-16,8.09,8.14,7.9,7.95,2900300,0,1,0
2020-11-17,7.95,8.09,7.9,8.09,3650700,1,0,1
2020-11-18,8.09,8.09,7.95,8.09,3214800,0,0,1
2020-11-19,8.09,8.09,7.9,7.99,3474500,0,0,0
2020-11-20,8.04,8.09,7.95,7.99,2411100,0,0,0
2020-11-23,7.99,7.99,7.9,7.95,2737900,0,0,0
2020-11-24,7.95,7.95,7.71,7.9,4967600,0,1,0
2020-11-25,7.9,8.09,7.76,7.99,8713900,1,1,1
2020-11-26,7.99,8.09,7.9,7.99,3813400,0,0,1
2020-11-27,7.99,7.99,7.9,7.95,2579700,0,0,0
2020-11-30,7.95,7.99,7.85,7.95,3498300,0,0,0
2020-12-01,7.85,8.23,7.76,8.09,20340600,1,1,1
2020-12-02,8.09,8.23,8.04,8.14,9783200,1,0,1
2020-12-03,8.18,8.18,8.04,8.09,4726200,0,0,1
2020-12-04,8.09,8.09,7.95,7.95,7670300,0,0,0
2020-12-07,7.95,8.04,7.9,7.99,7554800,1,0,0
2020-12-08,7.99,8.32,7.99,8.18,18035400,1,1,1
2020-12-09,8.23,8.28,8.14,8.14,6352900,0,0,1
2020-12-10,8.14,8.18,7.99,7.99,5317300,0,0,0
2020-12-11,7.99,8.14,7.95,8.09,6168645,1,0,1
2020-12-14,8.09,8.14,7.99,8.04,9006160,0,0,0
2020-12-15,8.04,8.14,7.95,7.95,6976311,0,0,0
2020-12-16,7.95,8.09,7.95,7.99,6660662,1,0,0
2020-12-17,8.04,8.18,7.95,7.99,8406219,0,0,0
2020-12-18,7.99,8.14,7.99,8.09,5043178,1,0,1
2020-12-21,8.09,8.42,8.09,8.37,12695804,1,1,1
2020-12-22,8.32,8.65,8.32,8.51,14807237,1,1,1
2020-12-23,8.51,8.51,8.18,8.42,10941030,0,1,1
2020-12-24,8.32,8.42,7.95,8.09,9255014,0,1,0
2020-12-25,8.09,8.23,7.99,8.14,8822774,1,0,0
2020-12-28,8.14,8.42,8.04,8.14,6659712,0,1,0
2020-12-29,8.14,8.18,7.95,8.04,7765160,0,0,0
2020-12-30,8.04,8.14,7.9,7.95,10063435,0,1,0
2020-12-31,7.95,8.09,7.95,7.95,6346863,0,0,0
2021-01-04,7.99,8.09,7.95,8.04,12479042,1,0,1
2021-01-05,8.04,8.56,7.99,8.28,22063855,1,1,1
2021-01-06,8.28,8.51,8.23,8.32,19359438,1,1,1
2021-01-07,8.32,9.07,8.32,8.98,43454672,1,1,1
2021-01-08,8.93,9.12,8.84,8.93,28633638,0,1,1
2021-01-11,8.93,9.07,8.79,8.79,23357720,0,1,1
2021-01-12,8.84,8.88,8.56,8.79,34680454,0,1,1
2021-01-13,8.88,9.26,8.65,8.93,65766878,1,1,1
2021-01-14,8.98,9.12,8.84,8.93,24754125,0,1,1
2021-01-15,8.98,9.16,8.88,8.98,59202831,1,1,1
2021-01-18,9.12,9.12,8.65,8.7,37508242,0,1,0
2021-01-19,8.7,8.74,7.85,7.9,53114820,0,1,0
2021-01-20,7.95,8.32,7.2,8.28,43360480,1,1,0
2021-01-21,8.28,8.46,8.09,8.32,22062662,1,1,0
2021-01-22,8.32,8.37,8.04,8.14,22669983,0,1,0
2021-01-25,8.14,8.14,7.81,7.81,24078933,0,1,0
2021-01-26,7.81,7.85,7.11,7.67,44996014,0,1,0
2021-01-27,7.67,7.71,7.2,7.29,23195032,0,1,0
2021-01-28,7.2,7.25,6.59,6.59,24833988,0,1,0
2021-01-29,5.94,6.97,5.94,6.83,32327338,1,1,0
2021-02-01,6.78,6.92,6.31,6.31,19798552,0,1,0
2021-02-02,6.22,6.92,6.17,6.87,31635547,1,1,1
2021-02-03,6.87,7.39,6.87,7.25,26159418,1,1,1
2021-02-04,7.29,7.34,7.06,7.2,15714340,0,1,1
2021-02-05,7.2,7.53,7.11,7.53,29418304,1,1,1
2021-02-08,7.48,7.62,6.92,7.06,25766919,0,1,0
2021-02-09,7.01,7.34,6.92,7.25,12574612,1,1,0
2021-02-17,7.29,7.53,7.29,7.53,19511714,1,1,1
2021-02-18,7.62,7.62,7.34,7.39,19041857,0,1,1
2021-02-19,7.34,7.53,7.25,7.43,21635265,1,1,1
2021-02-22,7.48,7.53,7.34,7.34,16462663,0,0,0
2021-02-23,7.34,7.62,7.34,7.62,31073880,1,1,1
2021-02-24,7.62,7.71,7.34,7.48,23352954,0,1,1
2021-02-25,7.48,7.57,7.29,7.43,24986950,0,1,0
2021-02-26,7.39,7.43,7.25,7.43,28661982,0,0,0
2021-03-01,7.43,7.57,7.39,7.57,25488809,1,0,1
2021-03-02,7.62,7.71,7.48,7.53,23396396,0,1,1
2021-03-03,7.53,7.57,7.43,7.53,18926418,0,0,1
2021-03-04,7.53,7.57,7.29,7.39,26952009,0,1,0
2021-03-05,7.39,7.48,7.25,7.39,20150449,0,1,0
2021-03-08,7.43,7.53,7.39,7.39,16097297,0,0,0
2021-03-09,7.43,7.43,7.29,7.34,15176186,0,0,0
2021-03-10,7.34,7.62,7.29,7.62,28895282,1,1,1
2021-03-11,7.71,8.14,7.62,8.09,58166354,1,1,1
2021-03-12,8.09,8.37,7.99,8.28,49120093,1,1,1
2021-03-15,8.32,8.6,8.28,8.32,41315736,1,1,1
2021-03-16,8.32,8.79,8.18,8.74,63266470,1,1,1
2021-03-17,8.65,8.88,8.65,8.84,44962920,1,0,1
2021-03-18,8.79,9.4,8.79,9.12,62469485,1,1,1
2021-03-19,9.12,9.21,8.84,9.16,30978861,1,1,1
2021-03-22,9.16,9.4,8.98,8.98,24949166,0,1,1
2021-03-23,8.98,9.26,8.56,8.79,36743175,0,1,0
2021-03-24,8.74,8.79,8.18,8.42,25709476,0,1,0
2021-03-25,8.42,8.56,8.32,8.32,12543927,0,0,0
2021-03-26,8.32,9.12,7.99,9.12,79872908,1,1,1
2021-03-29,9.12,10.01,9.12,10.01,55783478,1,1,1
2021-03-30,9.96,10.99,9.96,10.99,44819732,1,1,1
2021-03-31,10.99,12.06,10.52,12.02,59684975,1,1,1
2021-04-01,12.02,13.0,11.36,12.62,30000413,1,1,1
2021-04-02,12.58,13.32,12.25,12.62,46525842,0,1,1
2021-04-05,12.48,12.58,11.36,11.36,14666101,0,1,0
2021-04-06,11.36,11.69,10.8,11.59,24993925,1,1,0
2021-04-07,11.59,11.74,11.59,11.69,12985734,1,0,0
2021-04-08,11.69,11.88,11.59,11.78,18081268,1,0,0
2021-04-09,11.78,11.88,11.55,11.83,23788408,1,0,1
2021-04-12,11.88,11.92,11.74,11.88,28573210,1,0,1
2021-04-13,11.88,12.2,11.78,11.88,28573210,0,1,1
2021-04-14,11.88,12.06,11.83,12.02,17679769,1,0,1
2021-04-15,12.11,12.34,11.88,12.16,20874981,1,1,1
2021-04-16,12.16,12.34,11.45,12.06,22365826,0,1,1
2021-04-19,12.11,12.53,12.02,12.53,29846414,1,1,1
2021-04-20,12.67,12.86,12.48,12.86,30448073,1,0,1
2021-04-22,12.86,13.18,12.72,12.95,29907134,1,1,1
2021-04-23,12.86,12.9,12.11,12.62,16729333,0,1,1
2021-04-26,12.62,13.04,12.25,12.67,21031570,1,1,0
2021-04-27,12.67,12.72,12.44,12.72,13579639,1,0,0
2021-04-28,12.76,12.9,12.53,12.81,16572098,1,0,1
2021-04-29,12.76,12.81,12.62,12.81,14636258,0,0,1
2021-05-04,12.62,12.72,12.3,12.3,14028858,0,1,0
2021-05-05,12.53,12.53,12.16,12.34,18581507,1,0,0
2021-05-06,13.58,13.58,12.55,12.6,17944423,1,1,1
2021-05-07,12.65,12.65,11.83,12.6,21936466,0,1,1
2021-05-10,12.6,12.75,12.24,12.34,14043463,0,1,0
2021-05-11,12.34,12.55,11.98,12.09,18388718,0,1,0
2021-05-12,12.09,12.24,11.83,12.19,17572312,1,1,0
2021-05-13,12.19,13.37,12.19,13.37,28471876,1,1,1
2021-05-14,13.53,14.71,13.37,14.71,42055833,1,1,1
2021-05-17,14.71,16.05,14.55,15.27,40155841,1,1,1
2021-05-18,15.12,15.27,14.45,15.07,24267707,0,1,1
2021-05-19,15.02,15.17,14.71,15.12,26023306,1,1,1
2021-05-20,15.02,15.17,14.91,14.91,14644144,0,0,0
2021-05-21,14.91,15.38,14.76,14.97,27588979,1,1,0
2021-05-24,15.17,15.17,14.61,15.02,18250774,1,1,1
2021-05-25,15.02,15.12,14.76,15.12,17544026,1,0,1
2021-05-26,15.07,15.63,15.02,15.43,39394747,1,1,1
2021-05-27,15.48,15.58,15.07,15.17,22301945,0,1,1
2021-05-28,15.33,15.94,15.02,15.53,44350395,1,1,1
2021-05-31,15.53,15.89,15.38,15.63,40919609,1,1,1
2021-06-01,17.18,17.18,15.58,15.94,30575141,1,1,1
2021-06-02,15.94,16.05,15.48,15.99,26046838,1,1,1
2021-06-03,15.99,16.82,15.99,16.66,51622880,1,1,1
2021-06-04,16.66,16.97,16.2,16.71,36472895,1,1,1
2021-06-07,16.71,16.71,15.43,15.43,36065428,0,1,0
2021-06-08,16.77,16.77,13.89,14.91,53639560,0,1,0
2021-06-09,14.76,16.15,14.14,16.1,29915625,1,1,1
2021-06-10,16.1,16.2,15.17,15.17,18315795,0,1,0
2021-06-11,15.17,16.66,15.17,15.33,23631733,1,1,0
2021-06-14,15.33,15.53,14.97,15.02,19661123,0,1,0
2021-06-15,15.17,15.17,14.4,14.4,31348272,0,1,0
2021-06-16,14.4,15.07,13.89,13.89,43589427,0,1,0
2021-06-17,13.89,14.04,13.37,13.99,30617848,1,1,0
2021-06-18,13.99,14.5,13.99,14.14,16675785,1,1,0
2021-06-21,14.14,14.3,13.68,13.83,18229102,0,1,0
2021-06-22,13.89,15.07,13.83,13.99,21162101,1,1,1
2021-06-23,14.04,14.14,13.83,13.83,15808852,0,0,0
2021-06-24,13.89,13.99,13.73,13.89,12661541,1,0,0
2021-06-25,13.89,13.94,13.73,13.94,15032564,1,0,1
2021-06-28,13.99,14.55,13.99,14.4,34958907,1,1,1
2021-06-29,14.4,14.81,14.4,14.66,35425532,1,0,1
2021-06-30,14.66,14.86,14.4,14.76,17581057,1,1,1
2021-07-01,14.66,14.81,14.45,14.61,19107488,0,0,1
2021-07-02,14.66,14.91,14.61,14.91,29496567,1,0,1
2021-07-05,14.91,15.43,14.81,15.43,35829343,1,1,1
2021-07-06,15.43,15.99,15.33,15.38,38655555,0,1,1
2021-07-07,15.17,16.71,14.71,15.27,34134483,0,1,1
2021-07-08,15.27,15.33,14.45,14.45,22746934,0,1,0
2021-07-09,14.45,14.76,13.32,13.37,21871847,0,1,0
2021-07-12,13.37,13.63,12.09,12.19,41657704,0,1,0
2021-07-13,12.24,12.81,11.98,12.5,21975443,1,1,0
2021-07-14,12.5,12.86,12.24,12.81,17245281,1,1,0
2021-07-15,12.81,14.04,12.6,14.04,27359969,1,1,1
2021-07-16,14.04,15.22,14.04,14.45,30045935,1,1,1
2021-07-19,14.35,14.4,13.17,13.17,19096136,0,1,0
2021-07-20,12.6,13.94,12.6,13.94,11754712,1,1,1
2021-07-21,13.42,14.4,13.42,13.73,7659374,0,1,0
2021-07-22,13.73,14.04,13.68,13.99,8064047,1,0,1
2021-07-23,13.99,14.09,13.58,13.58,10152868,0,1,0
2021-07-26,13.37,13.63,13.27,13.58,7750519,0,0,0
2021-07-27,13.58,13.94,13.58,13.78,7127446,1,0,1
2021-07-28,13.63,13.89,13.63,13.83,7394904,1,0,1
2021-07-29,13.78,14.3,13.78,13.94,9107536,1,1,1
2021-07-30,13.99,14.35,13.94,14.3,17474815,1,0,1
2021-08-02,14.3,14.45,14.04,14.04,10372830,0,0,1
2021-08-03,14.09,14.25,13.94,14.14,10530112,1,0,1
2021-08-04,14.19,14.3,14.04,14.09,13563611,0,0,0
2021-08-05,14.14,14.97,14.04,14.81,36913810,1,1,1
2021-08-06,14.86,15.02,14.5,14.91,23978909,1,1,1
2021-08-09,14.81,15.02,14.66,14.97,15421864,1,0,1
2021-08-10,14.97,15.27,14.86,15.17,28369994,1,0,1
2021-08-11,15.22,15.27,14.91,14.91,15469094,0,0,0
2021-08-12,14.91,15.07,14.71,14.86,15134478,0,0,0
2021-08-13,14.91,15.17,14.55,14.91,17078564,1,1,0
2021-08-16,14.91,15.12,14.81,15.07,26444419,1,0,1
2021-08-17,15.12,15.38,15.02,15.17,29771155,1,0,1
2021-08-18,15.17,15.22,14.97,15.12,11506878,0,0,1
2021-08-19,14.91,15.12,14.76,15.02,21808388,0,0,0
2021-08-20,15.02,15.07,13.89,14.61,32443981,0,1,0
2021-08-23,14.45,14.66,14.04,14.09,16069204,0,1,0
2021-08-24,14.09,14.3,13.89,13.89,11935349,0,0,0
2021-08-25,13.94,14.14,13.89,14.14,8489518,1,0,0
2021-08-26,14.61,15.07,14.3,14.5,28398581,1,1,1
2021-08-27,14.45,14.45,14.04,14.35,12124011,0,0,1
2021-08-30,14.3,14.4,14.14,14.14,12690681,0,0,0
2021-08-31,14.19,14.35,13.99,14.14,15189969,0,0,0
2021-09-01,14.09,14.14,13.83,13.83,12686408,0,0,0
2021-09-06,13.89,14.04,13.53,13.63,21444525,0,1,0
2021-09-07,13.63,13.99,13.63,13.68,15850947,1,0,0
2021-09-08,13.78,13.94,13.63,13.63,14893293,0,0,0
2021-09-09,13.63,13.73,13.53,13.58,12386792,0,0,0
2021-09-10,13.63,13.78,13.53,13.53,11746156,0,0,0
2021-09-13,13.73,13.73,13.32,13.32,13115024,0,1,0
2021-09-14,13.37,13.47,12.91,13.17,12498323,0,1,0
2021-09-15,13.17,13.22,12.91,13.17,10257783,0,0,0
2021-09-16,13.22,13.63,13.17,13.42,10266560,1,1,1
2021-09-17,13.63,13.89,13.53,13.78,14003569,1,0,1
2021-09-20,13.78,14.09,13.68,13.89,14931902,1,0,1
2021-09-21,13.89,13.89,13.63,13.63,16902251,0,0,1
2021-09-22,13.63,13.78,13.47,13.63,13740928,0,0,0
2021-09-23,13.68,13.83,13.58,13.78,11954526,1,0,1
2021-09-24,13.89,14.09,13.78,13.89,20283303,1,0,1
2021-09-27,14.14,14.35,13.58,13.78,17038511,0,1,1
2021-09-28,13.78,13.78,13.47,13.58,13641929,0,0,0
2021-09-29,13.58,13.63,13.32,13.37,12668727,0,0,0
2021-09-30,13.37,13.89,13.37,13.68,10300067,1,1,1
2021-10-01,13.78,13.83,13.37,13.42,13507049,0,1,0
2021-10-04,13.42,14.5,13.42,14.5,27101295,1,1,1
2021-10-05,14.4,14.91,14.14,14.86,44003162,1,1,1
2021-10-11,15.27,15.58,15.02,15.58,50603400,1,1,1
2021-10-12,15.58,15.66,15.04,15.53,38137700,0,1,1
2021-10-13,15.61,15.61,15.17,15.43,22517900,0,0,1
2021-10-14,15.25,15.33,14.91,14.91,22235300,0,0,0
2021-10-15,14.91,14.91,14.17,14.17,29041600,0,1,0
2021-10-18,14.37,14.4,14.12,14.19,15712800,1,0,0
2021-10-19,14.25,14.66,14.04,14.4,12887400,1,1,0
2021-10-20,14.45,14.61,14.3,14.55,13946900,1,0,1
2021-10-21,14.55,14.55,14.14,14.14,10964400,0,0,0
2021-10-22,14.19,14.35,14.04,14.19,12410400,1,0,0
2021-10-25,14.19,14.19,13.78,13.86,18192600,0,0,0
2021-10-26,13.78,14.12,13.6,13.94,19173100,1,1,0
2021-10-27,13.99,14.12,13.86,14.01,12450900,1,0,0
2021-10-28,14.09,14.17,13.91,14.04,14163600,1,0,1
2021-10-29,14.09,14.37,13.94,14.37,17139200,1,0,1
2021-11-01,14.5,14.66,14.37,14.66,18044900,1,0,1
2021-11-02,14.66,14.86,14.53,14.71,18381700,1,0,1
2021-11-03,14.76,14.91,14.63,14.73,19643900,1,0,1
2021-11-04,14.73,15.69,14.73,15.69,44180500,1,1,1
2021-11-05,15.66,16.2,15.3,16.2,45432800,1,1,1
2021-11-08,15.89,16.07,15.71,15.94,18776700,0,0,1
2021-11-09,15.74,15.79,14.97,14.97,31609200,0,1,0
2021-11-10,14.97,15.22,14.71,14.97,45387300,0,1,0
2021-11-11,15.96,15.96,15.13,15.13,22559100,1,1,0
2021-11-12,15.13,15.45,15.07,15.07,11500300,0,0,0
2021-11-15,14.94,15.32,14.94,15.07,8563800,0,0,1
2021-11-16,14.94,15.23,14.94,15.0,8287900,0,0,0
2021-11-17,15.07,15.07,14.97,15.04,8082600,1,0,0
2021-11-18,15.04,15.07,14.69,14.69,8739700,0,0,0
2021-11-19,14.75,15.07,14.65,14.78,13161100,1,0,0
2021-11-22,14.97,15.67,14.91,15.32,11320000,1,1,1
2021-11-23,15.58,15.58,15.0,15.13,7819700,0,1,1
2021-11-24,15.26,15.89,15.1,15.86,26119100,1,1,1
2021-11-25,16.15,16.15,15.8,15.86,14796600,0,0,1
2021-11-26,15.89,16.15,15.7,15.86,13093400,0,0,1
2021-11-29,15.51,15.7,15.32,15.32,12502900,0,0,0
2021-11-30,15.58,15.61,14.94,14.94,17708900,0,1,0
2021-12-01,14.94,15.13,14.81,14.97,13484400,1,0,0
2021-12-02,15.1,15.13,14.91,14.97,11147000,0,0,0
2021-12-03,14.97,15.04,14.62,14.62,12000300,0,0,0
2021-12-06,14.56,14.69,13.67,14.02,13085500,0,1,0
2021-12-07,14.05,14.31,13.99,14.27,11061200,1,0,0
2021-12-08,14.18,14.56,14.02,14.56,15451800,1,1,1
2021-12-09,14.5,14.62,14.4,14.59,8167400,1,0,1
2021-12-10,14.62,14.72,14.43,14.59,8233700,0,0,1
2021-12-13,14.56,14.62,14.37,14.37,10769600,0,0,0
2021-12-14,14.4,14.46,14.11,14.11,12892000,0,0,0
2021-12-15,14.21,14.34,14.11,14.18,8265700,1,0,0
2021-12-16,14.37,14.37,14.08,14.08,7452400,0,0,0
2021-12-17,14.18,14.18,14.02,14.11,11440100,1,0,0
2021-12-20,14.05,14.21,13.89,13.89,8405800,0,0,0
2021-12-21,13.89,13.99,13.67,13.67,8089500,0,0,0
2021-12-22,13.7,13.76,13.22,13.22,15727300,0,1,0
2021-12-23,13.22,13.32,12.72,12.78,12232100,0,1,0
2021-12-24,12.84,13.67,12.84,13.67,10433200,1,1,1
2021-12-27,13.99,14.21,13.67,13.67,9167500,0,1,1
2021-12-28,13.73,13.83,13.61,13.67,10031000,0,0,1
2021-12-29,13.83,13.89,13.67,13.67,6901500,0,0,1
2021-12-30,13.73,13.76,13.61,13.61,8897000,0,0,0
2021-12-31,13.73,14.18,13.7,14.18,11470000,1,1,1
2022-01-04,14.31,14.5,14.21,14.31,12284800,1,0,1
2022-01-05,14.37,14.4,13.99,13.99,9735600,0,0,1
2022-01-06,13.99,14.31,13.8,14.31,17611400,1,1,1
2022-01-07,14.27,14.31,13.96,14.05,10968100,0,0,0
2022-01-10,14.11,14.27,13.54,13.54,8808000,0,1,0
2022-01-11,13.67,13.8,13.38,13.38,10186100,0,1,0
2022-01-12,13.42,14.11,13.22,14.11,20379700,1,1,1
2022-01-13,14.11,14.56,13.96,14.15,18076100,1,1,1
2022-01-14,13.73,14.31,13.73,14.31,13045700,1,1,1
2022-01-17,14.27,14.34,13.7,13.99,13097300,0,1,1
2022-01-18,13.61,13.92,13.1,13.1,8178700,0,1,0
2022-01-19,13.35,13.54,12.3,12.3,7557900,0,1,0
2022-01-20,12.59,13.1,12.43,13.03,10012700,1,1,0
2022-01-21,13.32,13.54,13.1,13.1,7067000,1,1,0
2022-01-24,13.1,13.48,13.07,13.1,10341700,0,1,1
2022-01-25,13.13,13.61,13.03,13.61,10558300,1,1,1
2022-01-26,13.73,14.15,13.67,14.11,15516500,1,1,1
2022-01-27,14.18,14.56,13.92,13.92,8719100,0,1,1
2022-01-28,13.92,14.31,13.92,14.31,10430600,1,0,1
2022-02-07,14.5,14.75,14.31,14.69,12971600,1,0,1
2022-02-08,14.56,14.78,14.5,14.75,11047800,1,0,1
2022-02-09,14.75,15.39,14.59,15.32,29219200,1,1,1
2022-02-10,15.16,15.29,15.0,15.0,13070400,0,0,1
2022-02-11,14.94,15.07,14.88,15.0,9905100,0,0,1
2022-02-14,14.62,14.81,13.99,13.99,19137600,0,1,0
2022-02-15,14.05,14.5,14.02,14.34,12320200,1,1,0
2022-02-16,14.4,14.53,14.27,14.37,9397700,1,0,0
2022-02-17,14.31,14.53,14.31,14.31,4697000,0,0,0
2022-02-18,14.27,14.34,14.18,14.18,9016600,0,0,0
2022-02-21,14.11,14.31,14.02,14.18,10414500,0,0,0
2022-02-22,13.99,14.24,13.86,14.02,9531900,0,0,0
2022-02-23,14.11,14.34,14.05,14.05,10010300,1,0,0
2022-02-24,14.05,14.18,13.54,13.8,12071800,0,1,0
2022-02-25,13.99,14.11,13.86,13.86,7373200,1,0,0
2022-02-28,13.89,13.92,13.76,13.76,5275500,0,0,0
2022-03-01,13.76,13.83,13.64,13.67,9618000,0,0,0
2022-03-02,13.57,13.64,13.29,13.35,14650200,0,0,0
2022-03-03,13.45,13.57,13.35,13.42,6319000,1,0,0
2022-03-04,13.54,13.83,13.48,13.57,6219500,1,0,1
2022-03-07,13.38,13.51,13.35,13.38,11834200,0,0,0
2022-03-08,13.22,13.64,13.19,13.32,13867200,0,1,0
2022-03-09,13.45,13.45,13.16,13.35,9773200,1,0,0
2022-03-10,13.54,13.67,13.38,13.38,6180400,1,0,0
2022-03-11,13.45,13.57,13.32,13.38,8088200,0,0,1
2022-03-14,13.48,13.96,13.35,13.89,21650700,1,1,1
2022-03-15,14.02,14.11,13.8,13.8,10352500,0,0,1
2022-03-16,13.83,13.96,13.7,13.83,5092100,1,0,1
2022-03-17,13.8,14.05,13.8,14.05,11222400,1,0,1
2022-03-18,14.05,14.21,13.76,13.76,10855600,0,1,0
2022-03-21,13.8,14.08,13.76,14.08,9584100,1,0,1
2022-03-22,14.05,14.15,13.99,14.02,14178100,0,0,1
2022-03-23,14.05,14.31,13.96,13.96,8460700,0,0,0
2022-03-24,13.96,14.11,13.89,13.99,5256700,1,0,1
2022-03-25,14.05,14.08,13.89,13.99,4405000,0,0,0
2022-03-28,13.99,13.99,13.57,13.61,8568600,0,1,0
2022-03-29,13.67,13.99,13.61,13.76,6999800,1,0,0
2022-03-30,13.67,13.96,13.51,13.83,7597100,1,1,0
2022-03-31,13.8,13.86,13.51,13.61,5595600,0,0,0
2022-04-01,13.42,14.11,13.42,14.05,10566600,1,1,1
2022-04-04,13.99,14.18,13.8,13.8,13831400,0,0,0
2022-04-05,13.67,13.8,13.54,13.54,8153300,0,0,0
2022-04-06,13.35,13.67,12.97,13.57,17364200,1,1,0
2022-04-07,13.42,13.57,13.1,13.13,11287000,0,1,0
2022-04-08,13.03,13.19,12.72,12.72,18300100,0,1,0
2022-04-12,12.75,12.84,12.08,12.08,9283100,0,1,0
2022-04-13,12.18,12.46,12.05,12.46,6053500,1,1,0
2022-04-14,12.59,12.81,12.49,12.49,6332900,1,0,0
2022-04-15,12.52,12.68,12.37,12.37,5247600,0,0,0
2022-04-18,12.33,12.46,11.76,12.37,9371500,0,1,1
2022-04-19,12.27,12.37,11.54,11.54,8090000,0,1,0
2022-04-20,11.44,11.73,10.74,10.74,8241200,0,1,0
2022-04-21,10.49,11.0,10.01,10.3,19085000,0,1,0
2022-04-22,10.52,10.71,10.2,10.43,10898300,1,1,0
2022-04-25,10.55,10.74,9.82,9.82,9262200,0,1,0
2022-04-26,9.6,10.11,9.38,10.05,12450900,1,1,0
2022-04-27,10.17,10.4,9.98,10.3,7815200,1,1,1
2022-04-28,10.4,10.59,10.27,10.3,4084700,0,1,1
2022-04-29,10.36,10.55,10.27,10.36,7934600,1,0,1
2022-05-04,10.52,10.87,10.43,10.62,8614400,1,1,1
2022-05-05,10.87,10.87,10.4,10.49,5086600,0,1,1
2022-05-06,10.27,10.43,9.85,9.85,5803400,0,1,0
2022-05-09,9.92,9.92,9.19,9.22,15576800,0,1,0
2022-05-10,8.9,9.38,8.84,9.35,10894600,1,1,0
2022-05-11,9.44,9.54,9.25,9.31,5278600,0,1,0
2022-05-12,9.22,9.31,8.68,8.71,11900700,0,1,0
2022-05-13,8.71,8.71,8.11,8.14,16984900,0,1,0
2022-05-16,8.27,8.58,7.72,7.72,13082500,0,1,0
2022-05-17,7.5,8.27,7.5,8.27,11063300,1,1,0
2022-05-18,8.55,8.84,8.39,8.84,6464200,1,1,1
2022-05-19,8.84,9.35,8.71,9.19,18992600,1,1,1
2022-05-20,9.22,9.41,9.09,9.38,12657800,1,1,1
2022-05-23,9.47,9.7,8.9,9.22,10002600,0,1,1
2022-05-24,9.09,9.31,8.77,9.16,11817800,0,1,1
2022-05-25,9.19,9.7,9.19,9.66,12425500,1,1,1
2022-05-26,9.79,9.85,9.57,9.6,7210100,0,0,1
2022-05-27,9.63,9.73,9.54,9.66,8113500,1,0,1
2022-05-30,9.73,9.76,9.6,9.63,9099700,0,0,1
2022-05-31,9.57,9.63,9.41,9.41,8480500,0,0,0
2022-06-01,9.44,9.66,9.41,9.44,4711500,1,0,0
2022-06-02,9.47,9.57,9.28,9.28,5684300,0,1,0
2022-06-03,9.28,9.35,9.09,9.19,4566700,0,0,0
2022-06-06,9.09,9.22,8.93,8.93,6839700,0,1,0
2022-06-07,8.93,8.93,8.52,8.68,9427800,0,1,0
2022-06-08,8.81,9.28,8.74,9.28,8126100,1,1,1
2022-06-09,9.35,9.47,9.25,9.31,3911900,1,0,1
2022-06-10,9.19,9.41,9.09,9.09,6049400,0,1,1
2022-06-13,8.77,8.96,8.58,8.58,9650800,0,1,0
2022-06-14,8.46,8.84,8.39,8.65,5758900,1,1,0
2022-06-15,8.68,8.77,8.17,8.42,5420200,0,1,0
2022-06-16,8.58,8.65,8.46,8.46,3930400,1,0,0
2022-06-17,8.27,8.33,7.88,8.23,12971900,0,1,0
2022-06-20,8.14,8.61,8.14,8.49,14402600,1,1,1
2022-06-21,8.36,8.52,8.17,8.2,3529600,0,1,0
2022-06-22,8.46,8.68,8.23,8.39,5018600,1,1,1
2022-06-23,8.42,8.65,8.39,8.61,3189200,1,1,1
2022-06-24,8.65,8.77,8.58,8.58,3883200,0,0,1
2022-06-27,8.65,8.77,8.61,8.68,3735300,1,0,1
2022-06-28,8.68,9.16,8.61,9.0,8319300,1,1,1
2022-06-29,8.87,9.06,8.84,8.9,5259600,0,0,1
2022-06-30,8.9,9.0,8.58,8.58,5105900,0,1,0
2022-07-01,8.58,8.65,8.23,8.55,6059200,0,1,0
2022-07-04,8.65,8.77,8.58,8.65,4560200,1,0,0
2022-07-05,8.65,9.0,8.65,8.77,8623000,1,1,1
2022-07-06,8.71,8.84,8.49,8.49,5692500,0,1,0
2022-07-07,8.58,8.71,8.46,8.55,3100700,1,0,0
2022-07-08,8.71,8.71,8.58,8.65,3333500,1,0,1
2022-07-11,8.61,8.65,8.36,8.49,4293000,0,1,0
2022-07-12,8.55,8.68,8.46,8.68,3989600,1,0,1
2022-07-13,8.68,9.28,8.68,9.28,36088400,1,1,1
2022-07-14,9.35,9.6,9.25,9.25,11649800,0,1,1
2022-07-15,9.31,9.7,9.25,9.31,12997800,1,1,1
2022-07-18,9.38,9.47,9.16,9.16,15924100,0,1,1
2022-07-19,9.19,9.31,9.03,9.25,9304100,1,1,0
2022-07-20,9.38,9.57,9.31,9.41,17291700,1,0,1
2022-07-21,9.35,9.5,9.28,9.31,11236500,0,0,1
2022-07-22,9.35,9.5,9.12,9.12,14386200,0,1,0
2022-07-25,9.12,9.19,8.93,9.0,8551900,0,0,0
2022-07-26,9.03,9.09,8.96,8.96,6259700,0,0,0
2022-07-27,8.93,9.19,8.93,9.09,6067200,1,0,0
2022-07-28,9.28,9.44,9.22,9.35,15772000,1,0,1
2022-07-29,9.44,9.47,9.28,9.31,11215900,0,0,1
2022-08-01,9.38,9.63,9.31,9.57,21057000,1,1,1
2022-08-02,9.6,9.82,9.54,9.6,16272900,1,0,1
2022-08-03,9.57,9.82,9.54,9.7,15289900,1,0,1
2022-08-04,9.85,9.92,9.63,9.66,15277400,0,1,1
2022-08-05,9.6,9.7,9.5,9.63,12959500,0,0,0
2022-08-08,9.66,9.79,9.57,9.63,11527500,0,0,0
2022-08-09,9.7,9.73,9.57,9.66,14138800,1,0,1
2022-08-10,9.63,9.66,9.54,9.54,8625200,0,0,0
2022-08-11,9.63,9.66,9.38,9.41,13812200,0,0,0
2022-08-12,9.38,9.5,9.35,9.47,7233900,1,0,0
2022-08-15,9.5,10.11,9.47,10.11,46250900,1,1,1
2022-08-16,10.17,10.33,10.01,10.05,12612400,0,1,1
2022-08-17,10.05,10.14,9.92,9.92,12712500,0,0,1
2022-08-18,9.85,10.01,9.82,9.85,13770400,0,0,0
2022-08-19,9.85,9.95,9.79,9.82,10229100,0,0,0
2022-08-22,9.79,9.98,9.73,9.89,11640000,1,0,0
2022-08-23,9.82,10.01,9.79,9.98,10067700,1,0,1
2022-08-24,9.98,10.08,9.95,9.95,13081600,0,0,1
2022-08-25,10.01,10.14,9.95,10.14,14522100,1,0,1
2022-08-26,10.2,10.27,9.95,9.98,13321900,0,1,0
2022-08-29,9.76,9.89,9.6,9.82,19244800,0,0,0
2022-08-30,9.89,10.01,9.79,9.79,7713600,0,0,0
2022-08-31,9.76,9.92,9.76,9.92,9715900,1,0,0
2022-09-05,9.92,9.92,9.82,9.82,5291800,0,0,0
2022-09-06,9.85,9.98,9.79,9.85,9125500,1,0,1
2022-09-07,9.89,9.89,9.31,9.31,17594300,0,1,0
2022-09-08,9.41,9.47,8.9,8.9,15133300,0,1,0
2022-09-09,9.06,9.09,8.84,9.09,8023800,1,0,0
2022-09-12,9.16,9.25,9.06,9.06,5509429,0,0,0
2022-09-13,9.06,9.16,9.03,9.16,6147609,1,0,1
2022-09-14,8.9,9.06,8.9,9.0,8408055,0,0,0
2022-09-15,9.06,9.09,8.96,8.96,5062800,0,0,0
2022-09-16,8.96,9.03,8.65,8.71,8212332,0,1,0
2022-09-19,8.71,8.77,8.27,8.27,11698166,0,1,0
2022-09-20,8.42,8.55,8.27,8.52,7570854,1,1,0
2022-09-21,8.46,8.52,8.39,8.46,4199486,0,0,0
2022-09-22,8.33,8.55,8.33,8.49,6577799,1,0,0
2022-09-23,8.49,8.55,8.33,8.33,6007218,0,0,0
2022-09-26,8.2,8.2,7.79,7.88,12160137,0,1,0
2022-09-27,7.92,8.17,7.85,8.11,7974418,1,1,0
2022-09-28,8.01,8.14,7.88,7.95,5242784,0,1,0
2022-09-29,8.07,8.14,7.88,7.88,5442550,0,1,0
2022-09-30,7.92,7.98,7.72,7.92,6965515,1,1,0
2022-10-03,7.92,7.98,7.57,7.57,8924990,0,1,0
2022-10-04,7.76,7.76,7.31,7.31,6494124,0,1,0
2022-10-05,7.44,7.57,7.41,7.44,6747955,1,0,0
2022-10-06,7.47,7.5,6.96,6.99,6650419,0,1,0
2022-10-07,6.71,6.87,6.55,6.58,15300226,0,1,0
2022-10-10,6.39,6.61,6.18,6.42,12951294,0,1,0
2022-10-11,6.29,6.39,5.98,5.98,14329371,0,1,0
2022-10-12,5.82,6.39,5.82,6.39,19546255,1,1,0
2022-10-13,6.48,6.64,6.42,6.55,10305559,1,1,1
2022-10-14,6.77,6.99,6.74,6.99,14550215,1,1,1
2022-10-17,6.99,7.38,6.9,7.31,14469787,1,1,1
2022-10-18,7.5,7.57,7.12,7.15,9333557,0,1,1
2022-10-19,7.28,7.28,7.03,7.09,6806169,0,1,1
2022-10-20,7.03,7.15,6.9,6.9,7303605,0,1,0
2022-10-21,6.93,7.06,6.45,6.52,12314979,0,1,0
2022-10-24,6.61,6.8,6.27,6.29,11781933,0,1,0
2022-10-25,6.36,6.71,6.13,6.71,14199828,1,1,1
2022-10-26,6.8,6.9,6.55,6.64,5842757,0,1,1
2022-10-27,6.64,7.09,6.64,7.09,12668000,1,1,1
2022-10-28,7.25,7.31,6.93,6.99,10815486,0,1,1
2022-10-31,7.12,7.34,6.99,7.28,12024665,1,1,1
2022-11-01,7.38,7.6,7.34,7.38,12826258,1,1,1
2022-11-02,7.38,7.44,7.15,7.18,9207784,0,1,0
2022-11-03,6.99,7.25,6.99,7.06,10529110,0,1,0
2022-11-04,7.06,7.31,6.8,7.15,16290970,1,1,0
2022-11-07,7.25,7.25,6.8,6.8,9618726,0,1,0
2022-11-08,6.8,7.15,6.77,7.09,10184227,1,1,1
2022-11-09,7.22,7.22,6.99,6.99,7942718,0,1,0
2022-11-10,6.93,6.99,6.52,6.52,14385521,0,1,0
2022-11-11,6.68,6.77,6.36,6.36,7231050,0,1,0
2022-11-14,6.36,6.39,5.96,6.05,12227950,0,1,0
2022-11-15,5.93,6.26,5.63,5.63,14545491,0,1,0
2022-11-16,5.28,6.03,5.24,6.03,19576050,1,1,0
2022-11-17,6.23,6.36,6.17,6.36,10124845,1,0,1
2022-11-18,6.39,6.48,6.14,6.42,14930327,1,1,1
2022-11-21,6.52,6.68,6.42,6.61,11615108,1,1,1
2022-11-22,6.61,6.83,6.48,6.61,15180941,0,1,1
2022-11-23,6.8,6.87,6.59,6.59,9597267,0,1,1
2022-11-24,6.58,6.61,6.34,6.49,8073871,0,1,0
2022-11-25,6.65,6.8,6.55,6.8,8585145,1,1,1
2022-11-28,6.92,7.28,6.92,7.28,14847012,1,1,1
2022-11-29,7.31,7.49,7.22,7.42,18847169,1,1,1
2022-11-30,7.42,7.49,7.31,7.39,24231037,0,0,1
2022-12-01,7.46,7.9,7.42,7.79,54022156,1,1,1
2022-12-02,7.75,8.19,7.64,8.19,27211511,1,1,1
2022-12-05,8.45,8.63,7.93,8.23,52095377,1,1,1
2022-12-06,8.26,8.41,7.68,7.68,44844334,0,1,0
2022-12-07,7.6,7.93,7.53,7.64,23962085,0,1,0
2022-12-08,7.86,8.12,7.79,7.9,24593864,1,1,0
2022-12-09,7.9,8.04,7.71,7.75,20271252,0,1,0
2022-12-12,7.82,8.19,7.68,7.68,33165354,0,1,0
2022-12-13,7.9,7.97,7.68,7.97,21202415,1,1,1
2022-12-14,8.04,8.12,7.86,7.86,21528441,0,1,1
2022-12-15,7.86,8.04,7.82,7.97,20483171,1,0,1
2022-12-16,7.86,8.23,7.82,7.93,30797210,0,1,1
2022-12-19,7.97,8.3,7.97,7.97,35926701,1,1,1
2022-12-20,7.97,8.01,7.49,7.71,31000466,0,1,0
2022-12-21,7.86,7.86,7.39,7.64,19533813,0,1,0
2022-12-22,7.75,7.9,7.6,7.68,12399983,1,1,0
2022-12-23,7.71,7.75,7.53,7.57,8581840,0,0,0
2022-12-26,7.57,7.57,7.04,7.04,21552060,0,1,0
2022-12-27,7.04,7.46,6.99,7.46,12937198,1,1,0
2022-12-28,7.53,7.53,7.3,7.39,8900921,0,1,0
2022-12-29,7.35,7.46,7.24,7.24,8184374,0,1,0
2022-12-30,7.35,7.39,7.24,7.28,5532983,1,0,0
2023-01-03,7.28,7.64,7.28,7.6,14687049,1,1,1
2023-01-04,7.6,7.75,7.53,7.53,10149238,0,0,1
2023-01-05,7.6,7.64,7.46,7.57,9000806,1,0,1
2023-01-06,7.6,8.04,7.53,7.71,33969617,1,1,1
2023-01-09,7.82,7.9,7.68,7.68,12636448,0,0,1
2023-01-10,7.71,7.79,7.6,7.68,11632857,0,0,1
2023-01-11,7.75,7.9,7.68,7.71,13241097,1,0,1
2023-01-12,7.79,7.79,7.68,7.68,12497158,0,0,0
2023-01-13,7.75,8.04,7.75,7.82,22156827,1,1,1
2023-01-16,7.86,7.9,7.79,7.82,11140734,0,0,1
2023-01-17,7.9,8.15,7.9,8.12,30818182,1,1,1
2023-01-18,8.15,8.23,8.08,8.12,16375342,0,0,1
2023-01-19,8.12,8.3,8.04,8.15,22846087,1,1,1
2023-01-27,8.3,8.34,8.15,8.19,19055074,1,0,1
2023-01-30,8.19,8.23,7.97,7.97,28984683,0,1,0
2023-01-31,7.9,8.04,7.82,8.04,24937529,1,0,0
2023-02-01,8.12,8.19,7.71,7.75,24702419,0,1,0
2023-02-02,7.75,7.82,7.6,7.64,17538507,0,0,0
2023-02-03,7.68,7.79,7.6,7.64,10100644,0,0,0
2023-02-06,7.64,7.71,7.57,7.64,7039441,0,0,0
2023-02-07,7.68,7.71,7.39,7.42,15624657,0,1,0
2023-02-08,7.46,7.53,7.31,7.42,10448859,0,0,0
2023-02-09,7.46,7.49,7.39,7.42,5345268,0,0,0
2023-02-10,7.42,7.53,7.35,7.39,7298096,0,0,0
2023-02-13,7.35,7.35,7.11,7.17,16376627,0,1,0
2023-02-14,7.23,7.27,7.18,7.2,5818888,1,0,0
2023-02-15,7.23,7.42,7.2,7.3,8908910,1,1,1
2023-02-16,7.39,7.42,7.29,7.39,6450924,1,0,1
2023-02-17,7.39,7.49,7.31,7.39,10180725,0,0,1
2023-02-20,7.39,7.71,7.39,7.68,14639763,1,1,1
2023-02-21,7.75,7.79,7.57,7.57,12479030,0,0,1
2023-02-22,7.46,7.53,7.39,7.39,13269489,0,0,0
2023-02-23,7.35,7.39,7.25,7.39,13943155,0,0,0
2023-02-24,7.42,7.46,7.28,7.28,5694847,0,0,0
2023-02-27,7.17,7.24,7.15,7.16,9320466,0,0,0
2023-02-28,7.21,7.26,7.14,7.16,5849038,0,0,0
2023-03-01,7.17,7.31,7.09,7.31,13442108,1,1,1
2023-03-02,7.35,7.39,7.24,7.24,3512982,0,0,1
2023-03-03,7.3,7.31,7.15,7.15,5561168,0,0,0
2023-03-06,7.25,7.35,7.25,7.25,6358590,1,0,1
2023-03-07,7.3,7.31,7.25,7.29,5404908,1,0,1
2023-03-08,7.19,7.39,7.19,7.35,8006901,1,0,1
2023-03-09,7.39,7.57,7.35,7.53,18264278,1,0,1
2023-03-10,7.46,7.49,7.39,7.39,7316035,0,0,1
2023-03-13,7.28,7.39,7.24,7.27,15612595,0,0,0
2023-03-14,7.27,7.46,7.25,7.3,12690256,1,0,0
2023-03-15,7.46,7.53,7.39,7.49,15452181,1,0,1
2023-03-16,7.42,7.46,7.39,7.39,10745019,0,0,1
2023-03-17,7.46,7.53,7.39,7.49,30925136,1,0,1
2023-03-20,7.46,7.46,7.25,7.31,18179291,0,0,0
2023-03-21,7.39,7.46,7.28,7.42,9340151,1,0,0
2023-03-22,7.46,7.53,7.39,7.46,12460665,1,0,1
2023-03-23,7.35,7.75,7.31,7.68,36746858,1,1,1
2023-03-24,7.75,7.79,7.6,7.68,16198033,0,0,1
2023-03-27,7.68,7.82,7.6,7.79,36931003,1,0,1
2023-03-28,7.82,7.93,7.75,7.93,30386861,1,0,1
2023-03-29,7.93,7.93,7.79,7.9,21935269,0,0,1
2023-03-30,7.93,7.93,7.75,7.75,18669381,0,0,0
2023-03-31,7.75,7.86,7.71,7.86,12191175,1,0,1
2023-04-03,7.93,8.19,7.82,8.19,63724014,1,1,1
2023-04-04,8.19,8.41,8.08,8.41,40570947,1,1,1
2023-04-05,8.34,8.52,8.26,8.45,44061466,1,1,1
2023-04-06,8.52,8.56,8.23,8.3,34128529,0,1,1
2023-04-07,8.3,8.48,8.01,8.48,30151689,1,1,1
2023-04-10,8.48,8.77,8.41,8.77,52964392,1,1,1
2023-04-11,8.7,8.88,8.52,8.59,29557523,0,1,1
2023-04-12,8.81,8.99,8.77,8.92,41557050,1,0,1
2023-04-13,8.96,8.99,8.77,8.81,19616122,0,0,1
2023-04-14,8.88,8.99,8.59,8.66,50053401,0,1,0
2023-04-17,8.59,8.7,8.45,8.63,26219125,0,0,0
2023-04-18,8.63,8.66,8.37,8.41,28188177,0,1,0
2023-04-19,8.45,8.56,8.3,8.3,34140284,0,1,0
2023-04-20,8.3,8.37,8.23,8.3,20754336,0,0,0
2023-04-21,8.34,8.41,8.12,8.12,21720390,0,1,0
2023-04-24,8.12,8.19,7.97,8.04,17917785,0,0,0
2023-04-25,8.12,8.19,7.97,7.97,11974865,0,0,0
2023-04-26,7.97,8.08,7.86,8.08,14543772,1,0,0
2023-04-27,8.23,8.26,8.08,8.08,13739714,0,0,1
2023-04-28,8.19,8.19,8.08,8.19,10154697,1,0,1
2023-05-04,8.23,8.26,8.04,8.08,12632051,0,0,0
2023-05-05,8.08,8.12,8.01,8.01,10770378,0,0,0
2023-05-08,8.08,8.23,8.04,8.19,11709217,1,0,1
2023-05-09,8.26,8.26,8.15,8.19,9548602,0,0,1
2023-05-10,8.23,8.52,8.19,8.48,23812294,1,1,1
2023-05-11,8.56,8.56,8.41,8.41,12875973,0,0,1
2023-05-12,8.41,8.48,8.34,8.48,12576636,1,0,1
2023-05-15,8.56,8.63,8.41,8.41,17662829,0,0,1
2023-05-16,8.45,8.52,8.34,8.48,20978826,1,0,1
2023-05-17,8.48,8.56,8.3,8.56,30174901,1,1,1
2023-05-18,8.56,8.56,8.41,8.48,16315927,0,0,0
2023-05-19,8.48,8.66,8.37,8.63,35427568,1,1,1
2023-05-22,8.63,8.77,8.56,8.77,32469700,1,0,1
2023-05-23,8.77,8.85,8.56,8.74,23595346,0,1,1
2023-05-24,8.77,8.77,8.59,8.66,25121090,0,0,1
2023-05-25,8.63,8.63,8.41,8.59,31826871,0,0,0
2023-05-26,8.59,8.59,8.45,8.45,20269145,0,0,0
2023-05-29,8.52,8.63,8.48,8.56,18601512,1,0,0
2023-05-30,8.56,8.63,8.52,8.59,12312804,1,0,1
2023-05-31,8.63,8.66,8.56,8.59,27510439,0,0,1
2023-06-01,8.59,8.63,8.52,8.59,20004619,0,0,1
2023-06-02,8.74,8.92,8.7,8.81,46115367,1,0,1
2023-06-05,8.96,9.07,8.85,9.03,44919861,1,0,1
2023-06-06,8.92,9.14,8.92,9.14,30959968,1,0,1
2023-06-07,9.14,9.21,8.96,8.99,40771306,0,0,1
2023-06-08,8.99,9.03,8.81,8.92,45933904,0,0,0
2023-06-09,8.96,8.96,8.74,8.88,24693268,0,0,0
2023-06-12,8.96,8.99,8.81,8.92,14187299,1,0,0
2023-06-13,8.99,9.07,8.92,8.96,20576195,1,0,1
2023-06-14,8.99,9.18,8.96,9.18,49016887,1,0,1
2023-06-15,9.14,9.21,8.99,9.1,21634958,0,0,1
2023-06-16,9.14,9.36,9.07,9.21,42919514,1,1,1
2023-06-19,9.21,9.4,9.14,9.36,39109988,1,0,1
2023-06-20,9.43,9.43,9.21,9.29,18454864,0,0,1
2023-06-21,9.32,9.36,9.21,9.29,24790509,0,0,1
2023-06-22,9.32,9.4,9.29,9.29,20296588,0,0,1
2023-06-23,9.36,9.51,9.29,9.36,21567545,1,0,1
2023-06-26,9.4,9.47,9.25,9.32,22112366,0,0,1
2023-06-27,9.32,9.4,9.25,9.29,11683467,0,0,0
2023-06-28,9.32,9.43,9.29,9.4,16761938,1,0,1
2023-06-29,9.43,9.47,9.21,9.21,16043430,0,0,0
2023-06-30,9.21,9.25,9.14,9.14,11533267,0,0,0
2023-07-03,9.18,9.58,9.18,9.47,34888242,1,1,1
2023-07-04,9.58,9.76,9.51,9.69,29828158,1,0,1
2023-07-05,9.8,9.8,9.62,9.62,16477245,0,0,1
2023-07-06,9.62,9.69,9.4,9.54,26821923,0,1,1
2023-07-07,9.62,9.91,9.54,9.87,25170478,1,1,1
2023-07-10,9.94,9.98,9.83,9.87,21302525,0,0,1
2023-07-11,9.94,10.05,9.87,9.94,20705895,1,0,1
2023-07-12,9.94,10.05,9.83,10.05,20325881,1,0,1
2023-07-13,10.05,10.13,9.98,10.09,15375759,1,0,1
2023-07-14,10.16,10.16,9.87,10.02,17831534,0,0,1
2023-07-17,10.09,10.09,9.98,10.02,12229512,0,0,0
2023-07-18,10.16,10.38,10.09,10.35,24226351,1,0,1
2023-07-19,10.42,10.46,10.31,10.31,14345461,0,0,1
2023-07-20,10.31,10.57,10.27,10.49,25650652,1,0,1
2023-07-21,10.49,10.68,10.49,10.53,37126723,1,0,1
2023-07-24,10.87,10.96,10.79,10.87,23615497,1,0,1
2023-07-25,10.96,11.13,10.83,10.87,19109323,0,0,1
2023-07-26,10.92,10.92,10.79,10.87,14676951,0,0,1
2023-07-27,10.87,10.87,10.66,10.79,20501741,0,0,1
2023-07-28,10.74,10.92,10.66,10.87,15331559,1,0,1
2023-07-31,10.87,10.96,10.79,10.87,19321019,0,0,1
2023-08-01,10.87,11.0,10.83,10.83,21066312,0,0,0
2023-08-02,10.83,10.92,10.79,10.92,19391603,1,0,1
2023-08-03,10.96,10.96,10.83,10.92,15688984,0,0,1
2023-08-04,10.96,11.48,10.92,11.48,42091364,1,1,1
2023-08-07,11.48,11.74,11.48,11.61,26422200,1,0,1
2023-08-08,11.69,11.69,11.43,11.43,23786021,0,0,1
2023-08-09,11.39,11.56,11.3,11.35,18467152,0,0,0
2023-08-10,11.35,11.43,11.13,11.17,20085634,0,0,0
2023-08-11,11.17,11.3,10.96,11.17,20194512,0,1,0
2023-08-14,11.22,11.26,11.09,11.17,21808666,0,0,0
2023-08-15,11.17,11.3,11.13,11.17,14749504,0,0,0
2023-08-16,11.17,11.3,11.09,11.13,16737240,0,0,0
2023-08-17,11.17,11.22,11.09,11.09,17721200,0,0,0
2023-08-18,11.09,11.09,10.35,10.35,37971146,0,1,0
2023-08-21,10.27,10.61,10.14,10.48,26215778,1,1,0
2023-08-22,10.53,10.57,10.14,10.44,17970077,0,1,0
2023-08-23,10.53,10.57,10.27,10.35,16813929,0,0,0
2023-08-24,10.35,10.44,10.27,10.44,14322422,1,0,1
2023-08-25,10.44,10.44,10.31,10.31,13015904,0,0,0
2023-08-28,10.35,10.48,10.31,10.44,16030936,1,0,1
2023-08-29,10.48,10.7,10.44,10.57,19943884,1,0,1
2023-08-30,10.57,10.66,10.53,10.57,14696473,0,0,1
2023-08-31,10.66,10.74,10.57,10.74,18945440,1,0,1
2023-09-05,10.79,11.13,10.79,10.92,35384822,1,1,1
2023-09-06,10.92,11.04,10.87,10.92,21260019,0,0,1
2023-09-07,10.96,11.17,10.96,11.0,35285328,1,0,1
2023-09-08,11.04,11.09,10.96,10.96,20592932,0,0,1
2023-09-11,11.04,11.04,10.61,10.61,33804831,0,1,0
2023-09-12,10.7,10.83,10.53,10.83,22486250,1,0,0
2023-09-13,10.87,10.92,10.61,10.66,20555979,0,0,0
2023-09-14,10.7,10.92,10.61,10.61,28082217,0,0,0
2023-09-15,10.7,10.79,10.53,10.53,24926647,0,0,0
2023-09-18,10.57,10.66,10.4,10.44,18755939,0,0,0
2023-09-19,10.44,10.48,10.31,10.4,25837484,0,0,0
2023-09-20,10.4,10.57,10.4,10.53,15655285,1,0,1
2023-09-21,10.53,10.57,10.35,10.4,17870538,0,0,0
2023-09-22,10.27,10.31,9.92,10.18,35106636,0,1,0
2023-09-25,10.18,10.23,9.49,9.49,25616334,0,1,0
2023-09-26,9.49,9.75,9.32,9.32,22012225,0,1,0
2023-09-27,9.36,9.58,9.15,9.58,17676958,1,1,0
2023-09-28,9.58,9.62,9.36,9.45,13805486,0,0,0
2023-09-29,9.53,9.75,9.49,9.58,9418354,1,0,1
2023-10-02,9.58,9.66,9.49,9.53,9459178,0,0,1
2023-10-03,9.49,9.49,8.97,9.1,22398769,0,1,0
2023-10-04,9.02,9.28,8.97,9.19,10572367,1,1,0
2023-10-05,9.23,9.32,9.06,9.06,9204301,0,0,0
2023-10-06,9.06,9.32,9.06,9.23,10547377,1,0,1
2023-10-09,9.23,9.32,9.19,9.28,8036128,1,0,1
2023-10-10,9.32,9.49,9.32,9.36,9843302,1,0,1
2023-10-11,9.41,9.45,9.32,9.41,5615624,1,0,1
2023-10-12,9.41,9.53,9.36,9.36,9664930,0,0,1
2023-10-13,9.36,9.36,9.23,9.32,10670437,0,0,0
2023-10-16,9.28,9.36,9.15,9.15,8110603,0,0,0
2023-10-17,9.19,9.28,9.15,9.15,6016125,0,0,0
2023-10-18,9.15,9.19,8.84,8.97,16584413,0,1,0
2023-10-19,8.97,9.15,8.84,8.89,12099006,0,1,0
2023-10-20,8.89,9.06,8.76,9.02,12152682,1,1,0
2023-10-23,9.02,9.06,8.84,8.89,10825272,0,0,0
2023-10-24,8.93,9.23,8.93,9.15,12198657,1,1,1
2023-10-25,9.19,9.23,9.06,9.1,7662672,0,0,1
2023-10-26,8.97,9.02,8.62,8.67,29076175,0,1,0
2023-10-27,8.76,8.89,8.67,8.89,11627441,1,0,0
2023-10-30,8.84,8.89,8.76,8.76,5741026,0,0,0
2023-10-31,8.8,8.89,8.72,8.72,11482157,0,0,0
2023-11-01,8.8,8.97,8.72,8.93,13704024,1,0,1
2023-11-02,9.02,9.41,8.93,9.41,19008089,1,1,1
2023-11-03,9.45,9.45,9.23,9.23,14079423,0,0,1
2023-11-06,9.32,9.53,9.23,9.49,17267330,1,1,1
2023-11-07,9.49,9.53,9.36,9.36,13524483,0,0,1
2023-11-08,9.41,9.79,9.28,9.79,24205594,1,1,1
2023-11-09,9.84,9.92,9.66,9.71,20241851,0,0,1
2023-11-10,9.66,9.75,9.53,9.62,18145467,0,0,1
2023-11-13,9.62,9.75,9.45,9.53,12022782,0,1,0
2023-11-14,9.66,10.14,9.58,9.88,32226658,1,1,1
2023-11-15,10.05,10.23,9.88,9.97,31716373,1,1,1
2023-11-16,9.92,10.01,9.84,10.01,11156487,1,0,1
2023-11-17,10.01,10.1,9.58,9.66,26964867,0,1,0
2023-11-20,9.41,9.79,9.41,9.66,17140128,0,1,0
2023-11-21,9.75,9.79,9.62,9.71,8857218,1,0,0
2023-11-22,9.66,9.75,9.62,9.75,12002729,1,0,0
2023-11-23,9.75,9.84,9.45,9.45,15374837,0,1,0
2023-11-24,9.53,9.53,9.19,9.45,17200332,0,1,0
2023-11-27,9.45,9.49,9.23,9.28,11096735,0,0,0
2023-11-28,9.32,9.41,9.15,9.36,9997645,1,0,0
2023-11-29,9.41,9.45,9.32,9.36,7757158,0,0,0
2023-11-30,9.41,9.49,9.32,9.32,10155001,0,0,0
2023-12-01,9.36,9.41,9.23,9.36,8204698,1,0,1
2023-12-04,9.41,9.66,9.36,9.58,28191636,1,1,1
2023-12-05,9.62,9.66,9.45,9.45,14946634,0,0,1
2023-12-06,9.49,9.53,9.45,9.49,14125653,1,0,1
2023-12-07,9.53,9.75,9.45,9.53,35310697,1,1,1
2023-12-08,9.53,9.66,9.45,9.49,18863399,0,0,0
2023-12-11,9.53,9.66,9.49,9.62,21553542,1,0,1
2023-12-12,9.62,9.71,9.58,9.58,20441817,0,0,1
2023-12-13,9.62,9.66,9.41,9.41,20476908,0,0,0
2023-12-14,9.45,9.49,9.32,9.32,20162971,0,0,0
2023-12-15,9.36,9.45,9.28,9.32,18986591,0,0,0
2023-12-18,9.36,9.36,9.19,9.23,13539242,0,0,0
2023-12-19,9.19,9.28,9.15,9.23,14407625,0,0,0
2023-12-20,9.28,9.32,9.19,9.23,6808288,0,0,0
2023-12-21,9.19,9.28,9.19,9.19,9625824,0,0,0
2023-12-22,9.23,9.32,9.19,9.23,10064368,1,0,1
2023-12-25,9.23,9.36,9.23,9.28,8686861,1,0,1
2023-12-26,9.32,9.36,9.23,9.23,14663627,0,0,0
2023-12-27,9.28,9.32,9.23,9.28,7830123,1,0,1
2023-12-28,9.32,9.36,9.23,9.32,9639399,1,0,1
2023-12-29,9.36,9.45,9.32,9.32,11759842,0,0,1
2024-01-02,9.41,9.58,9.36,9.45,24650546,1,0,1
2024-01-03,9.45,9.71,9.45,9.71,30258929,1,0,1
2024-01-04,9.75,10.14,9.71,9.88,61559539,1,1,1
2024-01-05,9.92,10.01,9.79,9.97,39868353,1,0,1
2024-01-08,10.05,10.14,9.97,10.1,38352791,1,0,1
2024-01-09,10.1,10.14,9.97,10.1,29827357,0,0,1
2024-01-10,10.1,10.53,10.01,10.35,94333607,1,1,1
2024-01-11,10.44,10.7,10.35,10.44,46158798,1,1,1
2024-01-12,10.27,10.74,10.23,10.61,64625731,1,1,1
2024-01-15,10.7,10.79,10.48,10.48,37231017,0,0,1
2024-01-16,10.4,10.53,10.31,10.53,34307856,1,0,1
2024-01-17,10.53,10.66,10.35,10.35,37169813,0,0,0
2024-01-18,10.35,10.44,10.31,10.4,25149958,1,0,0
