time,open,high,low,close,volume,label
2019-01-02,89.96,90.05,86.67,89.25,602450,
2019-01-03,88.89,89.16,87.29,89.16,496950,sideways
2019-01-04,88.89,89.51,87.11,89.42,458000,sideways
2019-01-07,89.69,91.56,88.8,89.78,589150,sideways
2019-01-08,90.67,90.67,88.62,89.78,494300,sideways
2019-01-09,89.78,90.58,88.0,90.22,659210,sideways
2019-01-10,89.96,90.22,88.89,90.13,551980,sideways
2019-01-11,89.78,90.13,88.98,90.13,569030,sideways
2019-01-14,90.05,90.58,89.07,90.13,562930,sideways
2019-01-15,90.13,90.22,89.25,90.22,711450,sideways
2019-01-16,90.22,90.76,89.6,90.67,518160,sideways
2019-01-17,90.67,90.85,89.51,90.67,325130,sideways
2019-01-18,90.22,90.85,89.69,90.85,498290,sideways
2019-01-21,90.85,91.02,90.05,91.02,404250,sideways
2019-01-22,91.02,91.02,90.22,91.02,258070,sideways
2019-01-23,90.67,92.18,90.67,91.2,299570,sideways
2019-01-24,91.11,91.47,90.85,91.38,184720,sideways
2019-01-25,91.38,92.0,90.85,91.47,306670,sideways
2019-01-28,91.47,92.18,91.2,92.18,381260,weak_up
2019-01-29,93.25,93.25,91.56,92.36,225310,sideways
2019-01-30,92.36,92.45,91.47,92.36,370040,sideways
2019-01-31,92.45,92.89,91.11,92.36,651020,sideways
2019-02-01,92.27,92.27,87.82,87.82,2095840,strong_down
2019-02-11,90.49,92.45,89.96,92.45,527310,strong_up
2019-02-12,93.25,96.98,92.45,96.98,769110,strong_up
2019-02-13,96.0,97.16,95.29,96.89,822040,sideways
2019-02-14,96.89,100.45,96.89,100.36,995310,strong_up
2019-02-15,100.45,100.45,99.56,99.56,670900,weak_down
2019-02-18,100.0,101.07,99.29,101.07,829150,weak_up
2019-02-19,100.89,103.65,100.89,103.11,1002020,strong_up
2019-02-20,102.4,103.91,102.4,103.56,678800,sideways
2019-02-21,103.56,105.25,103.38,105.25,1162700,weak_up
2019-02-22,104.89,105.25,103.65,104.0,720970,weak_down
2019-02-25,104.0,104.8,103.02,103.38,624890,weak_down
2019-02-26,103.11,103.65,100.89,102.67,792710,weak_down
2019-02-27,102.67,104.8,102.67,104.36,824620,weak_up
2019-02-28,104.0,104.36,100.53,101.33,1132410,strong_down
2019-03-01,101.33,104.0,101.33,102.31,739260,weak_up
2019-03-04,103.73,104.53,102.93,104.36,660550,strong_up
2019-03-05,104.36,104.71,103.91,104.27,706060,sideways
2019-03-06,104.62,104.62,104.09,104.62,377280,sideways
2019-03-07,104.8,108.89,104.71,105.96,1797980,weak_up
2019-03-08,105.78,106.31,104.98,104.98,845280,weak_down
2019-03-11,104.0,105.16,104.0,105.16,429390,sideways
2019-03-12,105.78,106.13,105.07,105.42,902200,sideways
2019-03-13,105.33,106.67,104.0,104.45,1262350,weak_down
2019-03-14,103.56,105.51,102.76,105.51,1088350,weak_up
2019-03-15,106.05,106.05,104.8,105.51,1704580,sideways
2019-03-18,106.67,107.82,105.87,107.82,1114570,strong_up
2019-03-19,107.82,108.8,107.29,107.56,1190080,sideways
2019-03-20,107.56,107.56,105.87,106.85,780190,weak_down
2019-03-21,106.67,106.93,104.0,104.0,1208480,strong_down
2019-03-22,104.0,105.69,104.0,105.42,1114660,weak_up
2019-03-25,104.0,104.27,102.22,102.4,886800,strong_down
2019-03-26,102.67,103.82,100.45,101.07,846570,weak_down
2019-03-27,102.22,103.02,101.25,101.25,772080,sideways
2019-03-28,101.25,103.02,101.25,103.02,561880,weak_up
2019-03-29,103.02,103.82,103.02,103.02,1099970,sideways
2019-04-01,103.47,103.56,102.93,103.56,828430,weak_up
2019-04-02,103.91,104.18,103.29,103.38,1036350,sideways
2019-04-03,102.67,103.11,101.78,102.13,464270,weak_down
2019-04-04,102.49,102.93,101.42,102.31,383730,sideways
2019-04-05,102.49,102.58,101.87,102.31,235790,sideways
2019-04-08,102.4,102.93,102.05,102.67,435190,sideways
2019-04-09,103.11,103.11,100.27,100.45,1156710,strong_down
2019-04-10,100.45,101.33,98.58,99.38,696000,weak_down
2019-04-11,99.38,102.22,99.38,102.22,350810,strong_up
2019-04-12,102.22,102.22,100.45,100.62,551990,weak_down
2019-04-16,97.33,100.53,96.0,100.53,1231190,sideways
2019-04-17,98.93,100.45,97.78,97.78,960220,strong_down
2019-04-18,97.33,97.78,93.33,96.89,891240,weak_down
2019-04-19,97.78,98.31,96.18,97.87,414050,weak_up
2019-04-22,96.89,99.47,95.11,99.47,794060,weak_up
2019-04-23,99.47,100.45,98.67,100.45,534660,weak_up
2019-04-24,100.45,101.33,99.65,101.16,447820,weak_up
2019-04-25,101.16,101.16,99.56,100.98,503490,sideways
2019-04-26,99.56,101.07,99.56,101.07,826050,sideways
2019-05-02,101.16,101.25,100.45,100.98,190970,sideways
2019-05-03,101.07,101.07,99.65,100.0,705500,weak_down
2019-05-06,99.56,99.82,97.96,99.73,290580,sideways
2019-05-07,99.73,100.71,98.67,100.09,421350,sideways
2019-05-08,99.11,100.18,99.02,100.09,348500,sideways
2019-05-09,100.18,100.18,99.2,100.09,314140,sideways
2019-05-10,100.09,100.45,99.73,100.18,289160,sideways
2019-05-13,99.47,100.36,99.29,100.36,439200,sideways
2019-05-14,99.56,100.89,99.47,100.89,539280,weak_up
2019-05-15,100.89,103.29,100.8,102.49,456790,weak_up
2019-05-16,102.49,105.69,102.49,103.91,773010,weak_up
2019-05-17,104.0,104.98,103.2,103.91,464260,sideways
2019-05-20,104.0,104.45,103.2,104.45,406340,weak_up
2019-05-21,105.51,105.51,103.38,104.45,708620,sideways
2019-05-22,104.18,104.98,103.11,104.45,382330,sideways
2019-05-23,104.0,104.53,103.29,104.0,249830,sideways
2019-05-24,102.67,103.29,101.6,102.22,628560,weak_down
2019-05-27,101.33,103.02,101.33,102.22,166080,sideways
2019-05-28,103.11,103.11,101.33,101.33,503270,weak_down
2019-05-29,102.13,102.58,101.33,102.4,357950,weak_up
2019-05-30,102.4,103.29,102.22,102.22,572810,sideways
2019-05-31,102.93,102.93,101.87,101.87,296610,sideways
2019-06-03,101.33,102.67,100.45,101.78,281510,sideways
2019-06-04,100.98,102.58,100.98,101.87,262740,sideways
2019-06-05,102.22,103.02,102.22,103.02,244400,weak_up
2019-06-06,103.02,103.02,101.69,103.02,167500,sideways
2019-06-07,103.65,104.0,103.2,104.0,286940,weak_up
2019-06-10,104.18,105.51,104.18,104.53,955890,weak_up
2019-06-11,104.53,104.71,104.0,104.0,308910,weak_down
2019-06-12,104.0,104.45,103.11,103.11,258350,weak_down
2019-06-13,102.4,103.02,102.4,102.67,267940,sideways
2019-06-14,103.11,103.11,101.6,102.67,350180,sideways
2019-06-17,103.02,103.56,101.16,101.78,415390,weak_down
2019-06-18,101.96,102.22,101.16,101.33,433860,sideways
2019-06-19,101.96,103.02,101.78,103.02,135220,weak_up
2019-06-20,103.29,104.09,102.76,103.11,317480,sideways
2019-06-21,101.78,103.82,101.78,101.78,594210,weak_down
2019-06-24,102.22,103.65,102.22,103.47,228390,weak_up
2019-06-25,103.56,104.18,103.38,103.47,510700,sideways
2019-06-26,103.38,104.0,103.11,103.91,515020,sideways
2019-06-27,104.0,104.0,102.13,102.13,398280,weak_down
2019-06-28,102.22,103.02,101.07,102.85,468590,weak_up
2019-07-01,103.73,104.18,103.2,104.18,562110,weak_up
2019-07-02,104.09,104.27,102.93,102.93,268150,weak_down
2019-07-03,102.67,103.11,101.6,102.58,260170,sideways
2019-07-04,102.22,103.56,102.22,103.56,265260,weak_up
2019-07-05,103.11,103.82,102.93,103.73,307400,sideways
2019-07-08,103.56,103.73,102.93,103.11,285840,weak_down
2019-07-09,103.11,103.2,102.4,103.11,187330,sideways
2019-07-10,104.0,104.45,103.56,103.82,377060,weak_up
2019-07-11,104.27,104.45,102.76,103.56,363380,sideways
2019-07-12,103.91,104.0,103.11,103.11,169920,sideways
2019-07-15,103.11,103.29,101.16,101.51,514900,weak_down
2019-07-16,102.22,103.56,101.51,103.02,473360,weak_up
2019-07-17,103.11,103.38,102.22,102.67,213640,sideways
2019-07-18,102.22,103.02,102.05,102.05,454560,weak_down
2019-07-19,102.05,103.11,102.05,103.11,476260,weak_up
2019-07-22,103.11,103.56,102.22,103.56,395900,sideways
2019-07-23,103.56,106.93,103.56,106.49,1502160,strong_up
2019-07-24,107.11,108.62,106.85,108.45,661870,weak_up
2019-07-25,107.2,111.2,107.2,109.51,740440,weak_up
2019-07-26,109.07,109.6,108.09,108.53,416560,weak_down
2019-07-29,109.33,110.58,108.53,110.58,566870,weak_up
2019-07-30,110.58,111.11,108.45,108.89,366670,weak_down
2019-07-31,108.89,109.51,106.85,108.45,406490,sideways
2019-08-01,109.33,110.67,108.89,110.58,365850,weak_up
2019-08-02,108.45,109.42,108.36,108.89,483120,weak_down
2019-08-05,108.53,108.53,104.89,104.89,760020,strong_down
2019-08-06,103.11,106.49,102.67,106.49,441590,weak_up
2019-08-07,106.49,106.85,104.53,104.89,345950,weak_down
2019-08-08,104.89,108.89,104.89,108.45,545170,strong_up
2019-08-09,108.45,108.89,106.85,106.85,400990,weak_down
2019-08-12,106.85,107.73,106.67,106.67,107460,sideways
2019-08-13,106.58,106.67,104.89,104.98,310330,weak_down
2019-08-14,106.22,106.67,105.07,105.42,302420,sideways
2019-08-15,104.0,107.56,104.0,107.56,327120,strong_up
2019-08-16,106.31,108.71,106.31,108.45,347380,weak_up
2019-08-19,108.89,108.89,108.0,108.36,211950,sideways
2019-08-20,108.36,108.89,107.56,107.56,206540,weak_down
2019-08-21,107.56,108.89,107.56,108.8,252820,weak_up
2019-08-22,109.33,112.45,109.07,112.09,671970,strong_up
2019-08-23,112.09,112.09,110.76,111.11,513250,weak_down
2019-08-26,111.11,111.11,109.69,110.93,355930,sideways
2019-08-27,111.02,111.73,108.89,108.89,397260,weak_down
2019-08-28,108.62,109.78,108.36,108.45,242730,sideways
2019-08-29,109.78,109.78,107.65,108.89,350460,sideways
2019-08-30,108.89,110.13,108.45,109.78,220710,weak_up
2019-09-03,109.78,110.58,108.62,109.33,174400,sideways
2019-09-04,109.33,109.78,108.18,108.8,385500,sideways
2019-09-05,109.25,109.69,108.45,108.45,303110,sideways
2019-09-06,108.45,109.33,107.56,107.65,280330,weak_down
2019-09-09,108.36,109.16,107.65,108.98,165730,weak_up
2019-09-10,109.33,109.51,108.45,108.45,247180,sideways
2019-09-11,108.45,109.16,107.56,108.0,176620,sideways
2019-09-12,108.0,108.53,107.82,108.0,188180,sideways
2019-09-13,108.53,109.25,107.38,108.8,278500,weak_up
2019-09-16,108.45,110.85,108.45,109.16,330670,sideways
2019-09-17,108.53,110.05,108.45,109.16,416830,sideways
2019-09-18,108.89,109.16,108.53,108.62,181830,sideways
2019-09-19,108.89,109.16,107.91,108.0,345240,weak_down
2019-09-20,107.91,108.36,106.13,106.13,1827050,weak_down
2019-09-23,106.22,107.02,105.69,105.78,478830,sideways
2019-09-24,105.78,107.02,105.78,106.76,258080,weak_up
2019-09-25,106.76,106.93,105.78,106.4,256590,sideways
2019-09-26,106.67,106.67,105.6,105.78,334000,weak_down
2019-09-27,105.78,106.93,105.6,106.49,264300,weak_up
2019-09-30,106.67,107.73,106.31,106.49,308680,sideways
2019-10-01,107.11,107.47,106.4,106.58,151960,sideways
2019-10-02,106.58,107.11,104.89,104.89,545260,weak_down
2019-10-03,104.18,104.89,104.09,104.89,650460,sideways
2019-10-04,104.89,105.51,104.62,104.89,249050,sideways
2019-10-07,104.89,104.98,103.56,104.0,467120,weak_down
2019-10-08,104.18,104.27,103.47,104.09,353740,sideways
2019-10-09,103.91,105.16,103.73,104.0,221530,sideways
2019-10-10,104.45,104.62,103.82,103.91,273470,sideways
2019-10-11,104.45,104.89,103.73,104.89,328950,weak_up
2019-10-14,105.33,106.49,104.45,104.89,358150,sideways
2019-10-15,104.89,106.05,104.89,105.25,222070,sideways
2019-10-16,105.78,105.78,104.62,104.89,224670,sideways
2019-10-17,104.8,105.33,103.91,104.0,479110,weak_down
2019-10-18,104.0,104.0,103.56,104.0,261460,sideways
2019-10-21,104.0,105.16,103.11,103.91,205580,sideways
2019-10-22,104.89,104.89,103.82,103.82,175690,sideways
2019-10-23,103.82,104.45,103.82,104.09,130200,sideways
2019-10-24,104.09,104.18,103.56,104.18,396910,sideways
2019-10-25,104.0,104.36,103.73,104.18,293710,sideways
2019-10-28,104.0,104.98,103.73,104.62,268360,sideways
2019-10-29,104.62,104.8,104.36,104.71,187020,sideways
2019-10-30,104.89,106.58,104.71,106.31,600930,weak_up
2019-10-31,106.67,107.02,105.78,105.78,840720,sideways
2019-11-01,106.67,108.89,106.22,108.89,749070,strong_up
2019-11-04,108.89,108.89,107.29,108.18,309680,weak_down
2019-11-05,107.56,108.45,107.47,108.0,260520,sideways
2019-11-06,108.0,108.89,107.56,108.36,517800,sideways
2019-11-07,108.45,108.71,107.38,107.38,246740,weak_down
2019-11-08,108.09,108.09,106.67,107.11,492950,sideways
2019-11-11,107.11,107.11,105.69,105.69,281300,weak_down
2019-11-12,105.69,106.58,105.42,106.13,158520,sideways
2019-11-13,105.69,106.13,105.25,105.78,323490,sideways
2019-11-14,105.78,106.49,105.6,106.05,250100,sideways
2019-11-15,105.96,107.38,105.6,106.31,238410,sideways
2019-11-18,106.49,106.49,104.8,104.98,267820,weak_down
2019-11-19,104.89,105.07,103.82,104.09,491510,weak_down
2019-11-20,104.18,104.18,103.11,103.11,705410,weak_down
2019-11-21,104.0,104.0,101.16,102.49,1567980,weak_down
2019-11-22,103.02,103.91,102.49,103.29,308940,weak_up
2019-11-25,103.29,103.29,102.67,103.11,234180,sideways
2019-11-26,103.11,103.11,102.31,102.4,1027110,weak_down
2019-11-27,102.4,103.38,102.31,102.76,304630,sideways
2019-11-28,102.31,103.11,101.6,102.85,232980,sideways
2019-11-29,102.85,103.2,101.78,102.85,205040,sideways
2019-12-02,102.67,103.38,101.16,102.22,300040,weak_down
2019-12-03,102.22,103.38,101.51,102.22,300130,sideways
2019-12-04,101.51,102.67,101.51,102.67,179900,sideways
2019-12-05,103.11,103.2,102.67,102.93,167250,sideways
2019-12-06,103.11,103.38,102.58,103.02,144740,sideways
2019-12-09,102.93,103.02,102.22,103.02,188330,sideways
2019-12-10,102.67,103.02,100.98,103.02,575810,sideways
2019-12-11,103.02,103.02,101.78,103.02,301370,sideways
2019-12-12,103.11,103.11,102.4,103.11,334050,sideways
2019-12-13,102.93,103.11,102.13,103.11,295370,sideways
2019-12-16,103.11,103.11,102.05,102.93,377010,sideways
2019-12-17,102.93,102.93,101.78,102.93,273030,sideways
2019-12-18,102.22,103.02,101.78,102.93,847090,sideways
2019-12-19,102.22,103.11,101.33,102.93,974360,sideways
2019-12-20,102.93,102.93,101.96,102.93,839200,sideways
2019-12-23,102.93,102.93,101.6,102.85,591380,sideways
2019-12-24,102.76,102.76,101.6,102.67,449960,sideways
2019-12-25,102.49,102.67,101.6,102.67,348350,sideways
2019-12-26,102.49,102.85,101.69,102.58,507390,sideways
2019-12-27,102.58,102.58,101.33,102.4,564070,sideways
2019-12-30,101.78,102.22,101.51,102.22,504080,sideways
2019-12-31,102.22,102.22,101.42,102.22,614630,sideways
2020-01-02,102.13,102.22,101.33,102.22,440280,sideways
2020-01-03,102.22,102.49,101.6,102.49,248940,sideways
2020-01-06,102.22,102.22,101.69,101.78,301910,weak_down
2020-01-07,101.78,102.22,101.6,101.96,183910,sideways
2020-01-08,101.78,101.96,100.98,101.6,468910,sideways
2020-01-09,101.6,102.31,101.51,101.96,273870,sideways
2020-01-10,102.22,102.22,101.96,102.05,159120,sideways
2020-01-13,101.96,102.31,101.78,102.13,146680,sideways
2020-01-14,102.31,102.31,101.6,102.22,101150,sideways
2020-01-15,102.22,102.22,101.6,102.22,205600,sideways
2020-01-16,102.22,102.31,101.6,102.22,186740,sideways
2020-01-17,102.13,102.31,101.69,102.13,169100,sideways
2020-01-20,102.13,102.13,101.6,102.13,370670,sideways
2020-01-21,101.6,102.22,101.6,102.13,181510,sideways
2020-01-22,102.13,102.13,101.51,102.13,371780,sideways
2020-01-30,101.42,102.13,99.65,102.13,682720,sideways
2020-01-31,102.13,102.13,100.98,102.05,831740,sideways
2020-02-03,101.16,102.05,99.82,102.05,760420,sideways
2020-02-04,100.98,102.05,99.38,102.05,1485500,sideways
2020-02-05,102.05,102.05,100.45,101.78,468420,sideways
2020-02-06,101.78,101.96,100.27,101.69,676290,sideways
2020-02-07,101.33,101.69,99.56,101.69,1295520,sideways
2020-02-10,100.45,101.42,100.45,101.07,192700,weak_down
2020-02-11,100.89,101.51,100.45,100.8,290630,sideways
2020-02-12,100.8,100.8,99.56,99.56,452790,weak_down
2020-02-13,99.11,100.18,99.02,99.91,285340,sideways
2020-02-14,99.82,100.09,97.78,97.78,252390,strong_down
2020-02-17,97.78,97.78,93.33,96.0,742220,weak_down
2020-02-18,95.11,95.11,92.45,92.89,791870,strong_down
2020-02-19,92.0,95.11,92.0,93.33,832580,sideways
2020-02-20,93.33,97.78,93.33,97.78,353570,strong_up
2020-02-21,96.53,97.78,95.82,97.69,309060,sideways
2020-02-24,95.2,96.0,93.78,95.38,1428650,strong_down
2020-02-25,94.85,95.38,94.13,95.11,543820,sideways
2020-02-26,92.45,94.76,92.45,94.13,625410,weak_down
2020-02-27,94.05,94.22,92.53,93.87,740420,sideways
2020-02-28,93.33,93.69,91.56,93.69,870840,sideways
2020-03-02,92.45,93.69,91.29,93.69,742130,sideways
2020-03-03,93.42,93.87,92.89,93.78,557950,sideways
2020-03-04,92.98,93.78,92.0,93.78,443810,sideways
2020-03-05,93.42,94.13,92.27,93.87,352300,sideways
2020-03-06,93.33,93.33,91.65,93.33,750830,weak_down
2020-03-09,90.22,90.67,86.85,86.85,966890,strong_down
2020-03-10,82.67,88.18,81.07,86.85,825490,sideways
2020-03-11,87.11,87.11,80.98,86.22,1049580,weak_down
2020-03-12,80.89,82.05,80.27,81.6,1896270,strong_down
2020-03-13,76.45,82.22,75.91,82.22,1226880,weak_up
2020-03-16,81.78,82.22,76.98,82.22,971340,sideways
2020-03-17,79.56,82.05,77.87,78.67,681330,strong_down
2020-03-18,78.13,80.0,76.89,79.11,785390,weak_up
2020-03-19,77.25,78.85,73.87,78.85,1103680,sideways
2020-03-20,78.85,78.85,73.33,73.33,1083480,strong_down
2020-03-23,69.33,69.6,68.27,68.27,678160,strong_down
2020-03-24,63.82,66.67,63.56,63.56,1474050,strong_down
2020-03-25,63.56,68.0,60.45,68.0,1401570,strong_up
2020-03-26,68.98,72.71,67.2,72.71,1242250,strong_up
2020-03-27,72.89,77.69,70.67,77.16,1149310,strong_up
2020-03-30,71.82,72.89,71.82,72.36,881240,strong_down
2020-03-31,72.36,77.33,71.47,74.13,1296450,strong_up
2020-04-01,73.33,77.33,72.0,76.45,437820,strong_up
2020-04-03,76.45,80.89,76.45,80.89,1184500,strong_up
2020-04-06,81.78,86.49,81.16,86.49,2698260,strong_up
2020-04-07,86.76,89.69,82.67,86.49,2855700,sideways
2020-04-08,86.22,86.22,83.56,83.56,760120,strong_down
2020-04-09,83.73,86.49,83.38,85.33,1560610,strong_up
2020-04-10,85.33,86.05,83.29,84.45,983120,weak_down
2020-04-13,85.16,85.33,84.36,85.33,1411550,weak_up
2020-04-14,85.78,85.78,84.0,84.98,631630,sideways
2020-04-15,84.98,85.33,84.36,85.33,1176850,sideways
2020-04-16,85.33,85.33,84.18,85.25,845580,sideways
2020-04-17,84.71,85.42,79.29,85.42,1191510,sideways
2020-04-20,85.42,85.69,84.36,85.51,1055020,sideways
2020-04-21,84.89,84.89,82.22,82.67,892270,strong_down
2020-04-22,81.78,82.49,80.45,82.22,884070,weak_down
2020-04-23,82.67,84.36,82.4,82.67,347420,weak_up
2020-04-24,82.67,83.47,82.13,82.67,300240,sideways
2020-04-27,84.45,84.45,81.78,81.78,453720,weak_down
2020-04-28,82.22,82.58,81.33,81.78,222920,sideways
2020-04-29,82.67,83.02,80.45,81.69,314400,sideways
2020-05-04,81.69,82.22,80.0,81.6,259550,sideways
2020-05-05,81.6,82.67,81.6,82.4,274700,weak_up
2020-05-06,82.31,84.45,82.22,84.45,773570,strong_up
2020-05-07,84.45,85.33,83.56,85.33,617800,weak_up
2020-05-08,85.69,88.89,85.42,86.67,1683960,weak_up
2020-05-11,87.11,87.11,85.25,86.67,1358920,sideways
2020-05-12,86.58,86.58,84.45,86.22,770030,weak_down
2020-05-13,84.53,85.33,81.33,84.45,2652530,strong_down
2020-05-14,84.45,85.96,83.47,85.33,1002810,weak_up
2020-05-15,85.33,86.67,85.16,86.22,327650,weak_up
2020-05-18,86.22,86.22,84.89,85.78,229440,weak_down
2020-05-19,86.31,86.58,85.33,85.78,729850,sideways
2020-05-20,85.69,86.22,85.42,85.87,254730,sideways
2020-05-21,86.22,87.11,86.13,87.11,674380,weak_up
2020-05-22,87.11,87.11,85.69,85.69,292930,weak_down
2020-05-25,85.51,86.31,85.33,86.31,216400,weak_up
2020-05-26,86.22,86.67,85.69,86.13,360000,sideways
2020-05-27,86.13,87.02,85.78,86.13,591440,sideways
2020-05-28,86.13,86.67,85.6,86.22,314790,sideways
2020-05-29,86.22,86.67,85.87,86.22,493500,sideways
2020-06-01,86.22,86.4,85.78,86.4,481490,sideways
2020-06-02,86.4,86.4,85.78,85.96,501700,weak_down
2020-06-03,85.78,86.05,84.89,86.05,466430,sideways
2020-06-04,86.05,86.05,85.33,85.33,550740,weak_down
2020-06-05,85.33,85.51,84.45,84.45,525870,weak_down
2020-06-08,84.62,86.76,84.62,85.33,482180,weak_up
2020-06-09,86.22,86.22,85.42,85.51,318400,sideways
2020-06-10,85.51,85.51,84.8,84.98,488490,weak_down
2020-06-11,84.98,85.51,82.67,82.67,761540,strong_down
2020-06-12,80.0,82.22,79.91,81.6,875940,weak_down
2020-06-15,82.67,82.67,79.11,79.11,791710,strong_down
2020-06-16,81.33,84.27,79.91,83.02,658480,strong_up
2020-06-17,82.67,83.02,80.45,81.69,380880,weak_down
2020-06-18,81.69,82.22,80.8,80.89,312850,weak_down
2020-06-19,80.89,86.49,80.89,86.49,1840100,strong_up
2020-06-22,86.13,86.22,84.62,86.13,508020,sideways
2020-06-23,85.51,85.6,83.73,83.73,432630,strong_down
2020-06-24,84.0,84.53,83.56,84.18,214320,weak_up
2020-06-25,82.93,83.91,82.49,83.02,169470,weak_down
2020-06-26,83.11,83.91,81.33,81.33,222240,strong_down
2020-06-29,81.33,81.69,79.11,79.11,359370,strong_down
2020-06-30,80.89,80.89,79.11,79.11,350550,sideways
2020-07-01,80.45,81.33,79.11,80.89,92060,strong_up
2020-07-02,80.53,80.98,79.56,79.91,420700,weak_down
2020-07-03,80.8,80.89,79.91,80.18,163320,sideways
2020-07-06,80.27,81.69,80.18,81.25,284020,weak_up
2020-07-07,81.33,81.96,80.89,80.89,336860,sideways
2020-07-08,80.71,81.33,80.09,80.71,187450,sideways
2020-07-09,80.71,81.6,80.62,80.89,399710,sideways
2020-07-10,80.89,81.78,80.89,81.25,193330,sideways
2020-07-13,81.33,81.42,80.89,81.16,349810,sideways
2020-07-14,81.16,81.6,80.18,81.16,340990,sideways
2020-07-15,81.51,81.51,80.45,80.45,384240,weak_down
2020-07-16,80.8,82.67,80.53,82.67,328050,strong_up
2020-07-17,81.33,81.78,80.89,81.33,214530,weak_down
2020-07-20,80.89,81.25,80.18,80.18,222400,weak_down
2020-07-21,81.07,81.07,80.18,80.18,220660,sideways
2020-07-22,80.0,80.89,79.82,79.82,202110,sideways
2020-07-23,80.0,80.27,79.56,80.0,181680,sideways
2020-07-24,79.91,80.0,74.67,78.22,674430,strong_down
2020-07-27,74.58,76.45,73.69,75.56,825080,strong_down
2020-07-28,75.56,77.33,71.02,75.73,534300,sideways
2020-07-29,74.67,75.56,73.78,74.22,379370,weak_down
2020-07-30,74.22,76.0,74.22,75.65,242030,weak_up
2020-07-31,74.67,80.0,74.49,77.78,939040,strong_up
2020-08-03,77.33,78.31,75.56,77.87,164310,sideways
2020-08-04,78.85,78.85,77.69,78.22,229230,sideways
2020-08-05,78.22,78.67,75.38,77.33,434490,weak_down
2020-08-06,78.22,78.4,77.42,77.78,332340,weak_up
2020-08-07,77.87,78.4,77.6,77.78,182500,sideways
2020-08-10,78.22,79.91,77.69,78.4,542550,weak_up
2020-08-11,79.29,79.29,77.78,77.78,215330,weak_down
2020-08-12,77.78,78.67,77.69,77.69,302330,sideways
2020-08-13,78.22,79.11,77.78,78.22,458680,weak_up
2020-08-14,78.22,79.11,77.69,77.69,654070,weak_down
2020-08-17,77.33,78.67,77.16,77.96,376200,sideways
2020-08-18,77.6,77.96,76.62,76.89,772670,weak_down
2020-08-19,76.89,77.87,76.89,76.89,347140,sideways
2020-08-20,76.98,77.51,76.45,76.45,990220,weak_down
2020-08-21,76.45,77.25,76.36,76.53,376790,sideways
2020-08-24,76.89,79.11,76.89,79.11,1052840,strong_up
2020-08-25,79.11,81.69,79.11,80.89,1074660,strong_up
2020-08-26,80.71,81.07,80.0,80.89,547280,sideways
2020-08-27,80.09,80.89,80.09,80.89,437950,sideways
2020-08-28,81.16,82.05,79.91,79.91,636020,weak_down
2020-08-31,80.0,81.33,80.0,80.0,276580,sideways
2020-09-01,80.18,83.56,79.91,82.4,675310,strong_up
2020-09-03,83.11,84.98,82.4,84.0,1037080,weak_up
2020-09-04,84.0,84.89,82.93,83.56,825960,weak_down
2020-09-07,83.56,84.71,81.33,81.33,465400,strong_down
2020-09-08,81.42,82.22,80.45,80.45,622290,weak_down
2020-09-09,80.36,82.13,79.47,80.45,865880,sideways
2020-09-10,80.89,82.22,80.45,80.45,421160,sideways
2020-09-11,80.0,82.05,79.91,80.98,411350,weak_up
2020-09-14,81.16,83.2,81.07,82.76,608930,strong_up
2020-09-15,82.85,84.45,82.85,84.45,983560,strong_up
2020-09-16,84.36,84.89,82.76,84.89,544300,weak_up
2020-09-17,82.76,84.89,82.67,83.56,833870,weak_down
2020-09-18,84.45,84.8,83.11,83.56,1089310,sideways
2020-09-21,83.56,85.33,83.56,85.33,571860,strong_up
2020-09-22,85.33,85.51,84.09,84.09,505230,weak_down
2020-09-23,84.45,85.07,84.0,84.0,111830,sideways
2020-09-24,83.38,84.89,82.67,82.67,388940,weak_down
2020-09-25,84.0,84.27,82.49,82.49,412210,sideways
2020-09-28,83.73,83.73,82.49,82.49,202840,sideways
2020-09-29,83.56,83.56,81.33,81.33,394490,weak_down
2020-09-30,81.33,83.02,81.33,81.33,417360,sideways
2020-10-01,81.69,83.02,81.69,82.22,212510,weak_up
2020-10-02,82.22,83.56,81.78,83.56,400770,weak_up
2020-10-05,83.56,83.56,81.78,82.93,90450,weak_down
2020-10-06,82.93,82.93,81.6,81.6,521190,weak_down
2020-10-07,81.33,83.11,80.89,82.22,381520,weak_up
2020-10-08,81.78,82.58,81.33,82.05,216990,sideways
2020-10-09,82.05,83.29,82.05,83.2,309580,weak_up
2020-10-12,83.2,83.56,82.22,83.47,326290,sideways
2020-10-13,83.47,83.65,83.02,83.65,271990,sideways
2020-10-14,83.65,84.45,83.56,84.45,389260,weak_up
2020-10-15,84.53,86.67,80.89,86.67,1358580,strong_up
2020-10-16,87.2,87.2,86.13,86.76,596590,sideways
2020-10-19,86.93,87.02,86.58,86.85,370590,sideways
2020-10-20,86.58,87.02,85.16,86.93,511250,sideways
2020-10-21,86.93,87.02,85.96,86.49,172010,weak_down
2020-10-22,86.22,88.98,86.05,88.98,621610,strong_up
2020-10-23,89.07,93.25,88.89,92.45,1761080,strong_up
2020-10-26,96.89,97.33,93.25,93.42,974720,weak_up
2020-10-27,95.11,95.2,92.45,93.96,804020,weak_up
2020-10-28,93.96,95.11,87.82,89.07,1184890,strong_down
2020-10-29,89.07,91.56,88.89,89.51,1327780,sideways
2020-10-30,90.22,94.67,89.51,94.67,972400,strong_up
2020-11-02,94.67,95.11,93.33,94.67,691110,sideways
2020-11-03,95.11,95.11,92.8,92.8,751070,weak_down
2020-11-04,92.71,92.8,91.56,92.0,495340,weak_down
2020-11-05,92.62,95.02,92.45,92.89,789860,weak_up
2020-11-06,94.22,94.22,92.89,93.42,592830,weak_up
2020-11-09,93.42,94.4,93.07,94.31,803680,weak_up
2020-11-10,94.67,95.29,93.87,93.87,781980,sideways
2020-11-11,93.87,94.22,91.56,94.05,1032780,sideways
2020-11-12,94.05,94.93,93.33,94.93,682660,weak_up
2020-11-13,94.93,96.0,94.31,95.47,535350,weak_up
2020-11-16,95.47,96.45,88.89,90.67,1781800,strong_down
2020-11-17,91.56,94.22,90.85,94.22,862320,strong_up
2020-11-18,94.13,94.22,91.56,93.25,751270,weak_down
2020-11-19,93.16,93.16,91.56,92.45,1192700,weak_down
2020-11-20,92.89,92.89,91.91,92.27,533840,sideways
2020-11-23,92.45,93.42,91.65,92.27,735650,sideways
2020-11-24,92.36,93.33,91.65,92.45,812220,sideways
2020-11-25,92.53,94.4,92.53,93.87,1222490,weak_up
2020-11-26,93.33,94.4,92.89,94.31,545450,sideways
2020-11-27,94.22,94.31,93.16,93.51,720830,weak_down
2020-11-30,93.51,93.78,92.27,92.36,1596840,weak_down
2020-12-01,91.56,93.33,91.38,93.33,953230,weak_up
2020-12-02,93.25,93.78,92.62,93.33,497910,sideways
2020-12-03,93.33,94.05,92.71,94.05,731750,weak_up
2020-12-04,93.96,94.67,92.89,94.05,797060,sideways
2020-12-07,94.05,94.22,93.42,94.05,678660,sideways
2020-12-08,94.05,94.05,93.16,93.33,747280,weak_down
2020-12-09,93.33,94.22,92.8,94.22,789790,weak_up
2020-12-10,94.22,95.11,93.25,93.25,979550,weak_down
2020-12-11,93.25,94.93,93.25,94.93,569360,weak_up
2020-12-14,94.85,96.8,93.78,96.8,1122380,weak_up
2020-12-15,96.8,96.8,94.85,95.11,1205700,weak_down
2020-12-16,94.93,95.2,94.13,95.11,756200,sideways
2020-12-17,94.49,95.11,92.98,93.07,1352580,strong_down
2020-12-18,93.07,94.31,92.89,93.07,1350780,sideways
2020-12-21,93.78,94.58,93.25,94.58,587100,weak_up
2020-12-22,94.22,95.56,93.6,93.96,518320,weak_down
2020-12-23,93.96,95.11,93.69,93.96,701430,sideways
2020-12-24,95.11,95.11,92.45,93.96,831440,sideways
2020-12-25,93.96,94.58,93.33,94.13,370300,sideways
2020-12-28,94.13,94.76,93.69,94.13,711710,sideways
2020-12-29,94.4,94.76,94.05,94.67,612360,weak_up
2020-12-30,94.85,97.42,94.85,96.45,1528950,weak_up
2020-12-31,96.45,97.16,93.78,96.18,656040,sideways
2021-01-04,96.36,96.89,94.67,96.0,991100,sideways
2021-01-05,95.29,97.69,95.29,97.51,1192200,weak_up
2021-01-06,97.78,98.22,96.8,97.96,1283000,sideways
2021-01-07,98.13,98.67,96.89,97.87,862300,sideways
2021-01-08,97.87,100.18,97.87,99.38,1348700,weak_up
2021-01-11,100.36,101.87,100.27,101.16,1536700,weak_up
2021-01-12,103.11,103.11,101.07,101.69,981100,weak_up
2021-01-13,101.69,101.87,98.76,98.76,1237900,strong_down
2021-01-14,99.11,99.82,97.78,98.13,1439100,weak_down
2021-01-15,99.02,99.73,97.6,98.85,1238000,weak_up
2021-01-18,99.56,99.65,97.87,98.05,826900,weak_down
2021-01-19,98.05,98.05,91.2,91.29,1367600,strong_down
2021-01-20,91.56,93.33,91.11,91.82,1875500,weak_up
2021-01-21,93.33,93.51,91.56,93.42,1564600,weak_up
2021-01-22,93.69,94.67,93.33,93.33,1094200,sideways
2021-01-25,93.33,94.05,92.53,93.16,827300,sideways
2021-01-26,93.16,93.33,88.53,90.22,1028600,strong_down
2021-01-27,90.22,91.56,88.45,88.89,1488900,weak_down
2021-01-28,83.82,85.33,82.67,82.67,1742900,strong_down
2021-01-29,82.22,88.45,82.22,88.36,1692900,strong_up
2021-02-01,88.36,91.56,87.82,88.0,1340000,sideways
2021-02-02,88.27,94.13,88.0,94.13,1771200,strong_up
2021-02-03,93.42,96.0,93.33,95.56,1698900,weak_up
2021-02-04,95.47,95.56,90.67,93.33,1022400,strong_down
2021-02-05,93.33,95.56,93.33,95.56,922900,strong_up
2021-02-08,95.56,95.82,89.78,89.78,3422500,strong_down
2021-02-09,92.45,94.67,90.22,94.4,1758000,strong_up
2021-02-17,94.49,96.0,94.4,96.0,1253600,weak_up
2021-02-18,95.56,97.78,94.31,97.78,1434400,weak_up
2021-02-19,95.65,97.33,95.11,96.89,1433200,weak_down
2021-02-22,97.07,98.4,94.22,97.51,1481000,weak_up
2021-02-23,96.27,99.29,95.56,97.78,1393900,sideways
2021-02-24,99.02,99.02,94.22,96.18,950100,weak_down
2021-02-25,97.33,97.69,94.31,96.8,1013500,weak_up
2021-02-26,94.4,97.69,94.4,96.89,926800,sideways
2021-03-01,96.89,97.69,95.73,96.45,777700,sideways
2021-03-02,96.45,96.98,94.4,96.18,926300,sideways
2021-03-03,94.67,96.18,94.67,95.02,1075300,weak_down
2021-03-04,95.65,95.91,94.76,95.02,1671400,sideways
2021-03-05,95.02,95.56,94.05,94.49,1294800,weak_down
2021-03-08,94.67,95.11,93.33,94.22,1390100,sideways
2021-03-09,93.33,94.49,88.89,92.71,1587600,weak_down
2021-03-10,92.89,94.22,90.76,94.22,576300,weak_up
2021-03-11,94.22,96.0,93.87,94.13,1108700,sideways
2021-03-12,94.13,94.67,93.33,94.13,1122300,sideways
2021-03-15,94.13,94.4,93.69,94.22,2632400,sideways
2021-03-16,94.22,94.22,93.25,93.69,1360600,weak_down
2021-03-17,93.33,93.6,92.45,93.07,1260400,weak_down
2021-03-18,93.78,94.76,93.51,94.76,1473900,weak_up
2021-03-19,93.87,96.36,93.87,96.36,1625700,weak_up
2021-03-22,96.36,96.36,92.89,95.38,973900,weak_down
2021-03-23,94.22,95.11,93.42,94.67,1034700,weak_down
2021-03-24,93.78,96.0,92.27,95.91,1104100,weak_up
2021-03-25,95.29,99.91,95.2,98.13,4322000,strong_up
2021-03-26,97.78,100.89,97.78,99.91,2927800,weak_up
2021-03-29,100.0,100.89,99.82,100.27,3140900,sideways
2021-03-30,100.27,105.42,99.56,104.0,5179600,strong_up
2021-03-31,104.45,106.22,104.0,104.8,2823600,weak_up
2021-04-01,105.33,110.58,104.0,109.33,2230900,strong_up
2021-04-02,110.13,110.13,108.0,109.33,2255500,sideways
2021-04-05,110.31,112.18,109.51,110.49,2249000,weak_up
2021-04-06,110.49,115.11,110.22,112.89,1979400,strong_up
2021-04-07,112.89,113.78,111.73,113.51,1698500,weak_up
2021-04-08,114.13,114.13,110.22,111.47,1509200,weak_down
2021-04-09,110.67,111.47,109.42,111.02,1755500,sideways
2021-04-12,110.93,118.05,109.69,117.33,3481900,strong_up
2021-04-13,123.56,125.51,120.89,125.07,5053200,strong_up
2021-04-14,124.45,126.05,122.76,124.45,4102600,sideways
2021-04-15,124.36,128.89,124.36,125.25,3419000,weak_up
2021-04-16,125.25,128.09,124.45,127.11,2988000,weak_up
2021-04-19,126.31,128.18,125.42,128.0,2820300,weak_up
2021-04-20,128.0,129.69,127.11,127.2,3108200,weak_down
2021-04-22,126.22,127.02,122.22,123.38,3319500,strong_down
2021-04-23,123.56,124.0,118.22,122.93,4410000,sideways
2021-04-26,123.56,124.0,116.45,116.89,2434500,strong_down
2021-04-27,116.89,118.22,116.89,117.42,1631700,sideways
2021-04-28,117.42,118.4,115.38,116.89,1613300,sideways
2021-04-29,117.25,118.22,116.18,116.45,2181100,sideways
2021-05-04,116.09,119.91,112.8,118.76,1732600,weak_up
2021-05-05,118.76,120.71,118.76,118.85,1268600,sideways
2021-05-06,118.85,119.11,116.45,117.78,1064200,weak_down
2021-05-07,117.33,117.33,114.22,117.33,1769100,sideways
2021-05-10,117.33,117.78,114.76,117.78,1099300,sideways
2021-05-11,117.78,118.58,116.0,116.45,1164200,weak_down
2021-05-12,115.56,117.33,113.78,115.38,1390400,weak_down
2021-05-13,113.78,115.56,112.45,112.45,1723500,strong_down
2021-05-14,112.71,112.89,109.51,111.38,2609800,weak_down
2021-05-17,112.0,115.56,110.22,110.22,2417900,weak_down
2021-05-18,110.22,112.0,107.56,107.56,2452700,strong_down
2021-05-19,106.67,107.56,104.98,106.76,2178400,weak_down
2021-05-20,106.76,109.51,106.67,109.25,2084900,strong_up
2021-05-21,109.33,109.33,107.11,108.89,1622400,sideways
2021-05-24,108.62,109.87,107.56,108.53,1985800,sideways
2021-05-25,108.8,108.8,107.73,108.71,1514900,sideways
2021-05-26,108.45,108.62,107.11,108.18,1677500,sideways
2021-05-27,107.47,107.56,105.78,106.93,2081300,weak_down
2021-05-28,106.93,109.33,105.78,106.49,1847400,sideways
2021-05-31,106.49,106.67,103.11,104.45,1846800,weak_down
2021-06-01,103.29,107.56,103.11,106.67,2155400,strong_up
2021-06-02,106.85,108.36,104.0,104.45,3130600,strong_down
2021-06-03,104.89,105.6,104.0,105.33,2488900,weak_up
2021-06-04,105.33,107.56,105.33,107.56,3689200,strong_up
2021-06-07,109.16,112.45,108.45,109.33,3681800,weak_up
2021-06-08,111.02,111.73,105.78,106.49,2699600,strong_down
2021-06-09,106.67,107.56,104.0,105.6,1813300,weak_down
2021-06-10,105.33,105.96,103.56,103.56,2929000,weak_down
2021-06-11,104.0,104.89,103.38,104.89,1729000,weak_up
2021-06-14,105.07,107.11,104.98,106.67,1933100,weak_up
2021-06-15,106.67,108.45,106.22,108.18,1348000,weak_up
2021-06-16,108.18,108.18,105.78,105.87,1180600,strong_down
2021-06-17,104.89,105.69,104.0,104.0,2848500,weak_down
2021-06-18,104.89,105.16,104.0,104.36,1788400,sideways
2021-06-21,104.45,105.69,104.27,104.36,1497200,sideways
2021-06-22,104.89,105.51,104.09,104.45,2161600,sideways
2021-06-23,104.89,104.98,103.56,103.91,1281200,weak_down
2021-06-24,104.8,105.07,103.82,104.45,1374300,weak_up
2021-06-25,104.18,104.89,103.73,104.45,1763300,sideways
2021-06-28,104.45,104.53,103.73,103.73,1711000,weak_down
2021-06-29,103.91,106.05,103.91,104.89,2339900,weak_up
2021-06-30,104.89,108.0,104.89,105.78,2685900,weak_up
2021-07-01,106.4,106.58,105.33,105.42,2194700,sideways
2021-07-02,104.98,105.69,104.45,104.45,1789100,weak_down
2021-07-05,104.45,104.45,102.13,102.22,2765200,strong_down
2021-07-06,102.22,103.11,99.56,99.56,3006500,strong_down
2021-07-07,99.56,101.33,97.78,101.33,2507000,weak_up
2021-07-08,100.45,100.45,98.22,98.67,1480900,strong_down
2021-07-09,98.49,98.67,95.56,96.53,1787900,strong_down
2021-07-12,96.45,97.78,90.4,92.45,2863900,strong_down
2021-07-13,92.53,93.42,88.0,91.56,2355200,weak_down
2021-07-14,91.56,94.58,90.67,91.56,2585100,sideways
2021-07-15,91.56,92.18,89.96,90.67,2584200,weak_down
2021-07-16,90.76,94.31,90.76,94.05,2158200,strong_up
2021-07-19,91.65,93.33,89.33,91.47,1851300,strong_down
2021-07-20,91.2,91.82,88.89,91.56,2130300,sideways
2021-07-21,91.65,94.67,90.67,92.45,2765100,weak_up
2021-07-22,92.45,94.93,92.18,94.4,2242200,strong_up
2021-07-23,94.4,96.71,92.45,92.45,3088800,strong_down
2021-07-26,93.16,93.69,91.65,92.62,1940200,sideways
2021-07-27,93.33,94.05,92.71,92.71,1442800,sideways
2021-07-28,92.71,93.78,92.45,93.51,1192400,weak_up
2021-07-29,93.78,93.87,92.89,93.42,1076500,sideways
2021-07-30,95.11,95.38,94.22,95.29,2339200,strong_up
2021-08-02,95.56,97.42,95.02,95.56,1682400,sideways
2021-08-03,97.25,102.22,96.89,101.78,7293100,strong_up
2021-08-04,102.67,103.47,101.33,101.33,2882400,sideways
2021-08-05,101.07,102.22,100.36,101.33,2049200,sideways
2021-08-06,102.22,103.02,100.71,100.71,3021900,weak_down
2021-08-09,100.62,101.07,99.2,100.53,3219800,sideways
2021-08-10,102.22,102.22,100.45,100.45,2830600,sideways
2021-08-11,100.45,101.33,98.67,98.67,2382000,weak_down
2021-08-12,98.67,100.36,98.22,98.76,1833400,sideways
2021-08-13,99.11,99.73,98.22,98.58,2119300,sideways
2021-08-16,99.56,100.18,98.31,98.31,3085800,sideways
2021-08-17,100.0,103.4,98.9,98.9,4887500,weak_up
2021-08-18,99.0,100.2,97.9,97.9,2297700,weak_down
2021-08-19,97.9,104.0,96.7,104.0,3521100,strong_up
2021-08-20,100.0,102.0,97.2,97.7,4953900,strong_down
2021-08-23,97.5,97.7,95.8,96.2,2161000,weak_down
2021-08-24,96.4,97.0,95.1,95.4,1417400,weak_down
2021-08-25,95.4,95.4,93.0,94.6,2057000,weak_down
2021-08-26,94.6,94.6,93.0,93.1,1766200,weak_down
2021-08-27,93.0,95.0,91.5,94.8,2485900,weak_up
2021-08-30,95.0,95.3,94.1,94.1,1414900,weak_down
2021-08-31,94.1,95.1,93.8,94.1,1529600,sideways
2021-09-01,94.1,95.0,94.1,94.1,1303100,sideways
2021-09-06,94.4,95.8,94.2,95.0,1928800,weak_up
2021-09-07,95.5,95.5,93.9,93.9,2280200,weak_down
2021-09-08,94.0,94.3,92.0,92.0,2505700,strong_down
2021-09-09,92.2,92.4,91.3,91.3,2696600,weak_down
2021-09-10,91.8,92.0,91.3,91.3,1614600,sideways
2021-09-13,91.8,93.4,91.6,92.0,1828100,weak_up
2021-09-14,92.3,92.9,91.9,92.0,1419300,sideways
2021-09-15,92.0,92.4,91.3,91.4,1037000,weak_down
2021-09-16,91.4,91.4,87.8,87.8,15130200,strong_down
2021-09-17,88.0,89.2,86.8,86.8,5567900,weak_down
2021-09-20,87.0,88.9,86.0,86.7,4014800,sideways
2021-09-21,85.5,86.4,85.0,85.6,4524800,weak_down
2021-09-22,85.6,86.9,85.4,86.1,2845500,weak_up
2021-09-23,86.5,87.4,86.4,87.1,2664100,weak_up
2021-09-24,87.1,87.5,86.3,87.0,3207900,sideways
2021-09-27,87.0,87.5,83.2,86.1,3000800,weak_down
2021-09-28,85.3,87.0,85.2,86.5,2387300,sideways
2021-09-29,86.7,86.9,86.0,86.7,1911200,sideways
2021-09-30,86.5,89.4,86.5,88.0,3404700,weak_up
2021-10-01,88.0,88.4,87.2,87.7,1734200,sideways
2021-10-04,87.6,88.0,87.1,87.8,1565200,sideways
2021-10-05,87.8,88.8,87.1,88.6,2370600,weak_up
2021-10-06,88.8,89.0,88.1,88.6,1736800,sideways
2021-10-07,88.3,89.5,88.3,88.8,2290900,sideways
2021-10-08,89.0,89.5,88.8,89.3,1298500,weak_up
2021-10-11,89.4,92.0,89.4,91.9,2694300,strong_up
2021-10-12,92.0,93.0,92.0,92.9,2438700,weak_up
2021-10-13,93.0,93.8,92.8,93.1,2581200,sideways
2021-10-14,93.2,93.2,91.5,92.5,2677900,weak_down
2021-10-15,92.5,93.0,92.0,92.6,1553700,sideways
2021-10-18,92.3,92.9,91.1,92.6,2039400,sideways
2021-10-19,92.6,92.7,91.5,92.4,1686700,sideways
2021-10-20,92.3,92.5,89.9,92.3,3128600,sideways
2021-10-21,91.7,92.6,91.0,91.0,2847400,weak_down
2021-10-22,91.0,91.8,90.8,91.8,1428000,weak_up
2021-10-25,91.9,92.5,91.2,92.1,1341200,sideways
2021-10-26,91.8,92.2,90.9,92.2,1335900,sideways
2021-10-27,92.0,95.0,91.6,95.0,3908900,strong_up
2021-10-28,95.0,95.4,93.6,95.0,2086100,sideways
2021-10-29,94.2,96.5,94.2,95.8,2268000,weak_up
2021-11-01,95.8,96.0,94.9,95.8,2226600,sideways
2021-11-02,95.7,96.0,94.9,95.8,1647800,sideways
2021-11-03,95.8,95.8,93.9,95.3,3568200,weak_down
2021-11-04,95.2,95.5,94.0,95.0,1879100,sideways
2021-11-05,94.5,95.0,94.0,95.0,1786600,sideways
2021-11-08,95.0,95.5,94.5,94.9,1792000,sideways
2021-11-09,95.4,95.4,93.2,94.9,2373800,sideways
2021-11-10,95.1,95.2,93.6,94.9,1680500,sideways
2021-11-11,94.9,95.0,93.9,94.8,2186600,sideways
2021-11-12,94.8,94.8,93.9,94.5,1133100,sideways
2021-11-15,94.5,95.1,94.0,95.0,1922400,weak_up
2021-11-16,95.0,95.1,93.9,94.8,1643900,sideways
2021-11-17,94.7,97.0,94.2,96.3,2815800,weak_up
2021-11-18,97.0,98.5,94.5,94.5,3871100,weak_down
2021-11-19,94.6,96.0,94.0,94.8,2032500,sideways
2021-11-22,94.5,95.0,93.0,94.8,2152100,sideways
2021-11-23,94.0,95.0,93.5,94.8,1382700,sideways
2021-11-24,94.8,95.2,93.5,94.1,2045100,weak_down
2021-11-25,94.8,94.8,93.8,94.0,1401800,sideways
2021-11-26,95.9,100.0,95.2,98.5,8681700,strong_up
2021-11-29,99.0,105.3,98.5,105.3,8742300,strong_up
2021-11-30,105.5,106.9,103.5,105.0,4674300,sideways
2021-12-01,105.0,107.3,104.0,106.0,4082000,weak_up
2021-12-02,106.0,108.5,105.1,107.2,4428600,weak_up
2021-12-03,109.1,109.6,105.5,105.5,5152400,weak_down
2021-12-06,107.9,109.0,103.6,105.6,5825100,sideways
2021-12-07,107.4,107.5,105.6,106.7,3026300,weak_up
2021-12-08,106.5,107.0,103.5,105.9,3539500,weak_down
2021-12-09,105.0,107.5,104.0,107.0,3173400,weak_up
2021-12-10,107.0,107.2,103.1,103.1,3080600,strong_down
2021-12-13,102.7,104.5,101.0,103.2,4076200,sideways
2021-12-14,103.0,103.1,101.6,102.5,2629100,weak_down
2021-12-15,102.7,102.7,99.9,100.0,2897300,strong_down
2021-12-16,100.0,101.5,98.3,100.0,3095200,sideways
2021-12-17,100.0,102.7,98.8,102.0,6655000,strong_up
2021-12-20,102.0,102.0,99.0,99.0,1372800,strong_down
2021-12-21,99.0,100.8,98.1,98.1,1467300,weak_down
2021-12-22,98.2,100.1,98.2,99.6,2410600,weak_up
2021-12-23,99.6,100.0,96.0,96.0,2771100,strong_down
2021-12-24,96.5,96.9,95.1,96.5,1415500,weak_up
2021-12-27,97.0,99.0,96.5,99.0,1907500,strong_up
2021-12-28,99.1,99.3,96.5,98.4,1737300,weak_down
2021-12-29,98.0,98.0,95.2,95.5,2291900,strong_down
2021-12-30,95.8,96.4,95.0,95.0,1662400,weak_down
2021-12-31,95.2,96.3,94.2,95.1,1267000,sideways
2022-01-04,96.0,101.5,95.7,101.0,3071100,strong_up
2022-01-05,100.8,102.2,99.5,100.0,3396500,weak_down
2022-01-06,101.0,106.4,100.5,104.5,5061400,strong_up
2022-01-07,106.4,106.4,102.2,102.2,3108800,strong_down
2022-01-10,102.5,105.5,102.2,102.3,2908500,sideways
2022-01-11,102.0,102.0,99.8,101.0,2240600,weak_down
2022-01-12,101.5,101.5,98.0,100.8,2338500,sideways
2022-01-13,101.0,101.0,98.5,98.8,1955700,weak_down
2022-01-14,98.2,99.6,98.2,98.9,1017400,sideways
2022-01-17,99.0,99.2,94.5,97.0,2628900,weak_down
2022-01-18,97.0,97.0,94.1,95.9,2032000,weak_down
2022-01-19,95.0,95.9,93.5,95.8,2479700,sideways
2022-01-20,94.6,96.3,94.6,95.0,1689300,weak_down
2022-01-21,95.9,96.0,93.3,95.5,3192800,weak_up
2022-01-24,94.9,96.0,92.5,95.0,3935300,weak_down
2022-01-25,95.0,97.7,93.4,96.0,3198400,weak_up
2022-01-26,96.5,96.5,94.5,96.4,1932000,sideways
2022-01-27,96.5,96.5,94.2,96.5,2559000,sideways
2022-01-28,95.1,97.0,94.5,97.0,2999600,weak_up
2022-02-07,96.4,97.5,91.2,91.2,7413400,strong_down
2022-02-08,91.3,92.3,86.7,87.3,8010800,strong_down
2022-02-09,87.6,88.7,84.9,85.7,8812500,weak_down
2022-02-10,85.7,86.0,81.7,84.0,11088500,weak_down
2022-02-11,83.0,83.6,81.5,81.7,7846400,strong_down
2022-02-14,81.7,84.0,80.7,81.8,4973500,sideways
2022-02-15,82.0,83.8,81.8,83.7,3001500,strong_up
2022-02-16,83.9,83.9,82.7,82.9,1986000,weak_down
2022-02-17,82.8,83.5,82.0,83.1,2865600,sideways
2022-02-18,82.5,82.8,82.0,82.2,2914400,weak_down
2022-02-21,82.1,83.8,82.0,83.6,2513700,weak_up
2022-02-22,83.0,83.3,81.8,82.0,2975200,weak_down
2022-02-23,82.1,82.5,82.0,82.5,1439000,weak_up
2022-02-24,82.3,82.4,79.3,80.1,6367500,strong_down
2022-02-25,80.9,80.9,79.1,79.1,3385500,weak_down
2022-02-28,79.5,79.5,77.0,77.0,4678600,strong_down
2022-03-01,77.1,79.9,77.0,79.2,3467600,strong_up
2022-03-02,79.2,79.2,77.2,78.9,2401000,sideways
2022-03-03,78.9,80.4,78.3,79.0,2610400,sideways
2022-03-04,79.0,79.3,77.8,79.0,3817400,sideways
2022-03-07,78.4,79.0,77.3,78.5,2442600,weak_down
2022-03-08,78.0,78.9,77.1,77.9,4290200,weak_down
2022-03-09,78.1,78.7,77.3,78.0,3049900,sideways
2022-03-10,78.5,80.6,78.0,79.1,4366600,weak_up
2022-03-11,78.8,79.0,77.8,79.0,2222400,sideways
2022-03-14,78.8,78.8,77.4,78.3,2622700,weak_down
2022-03-15,78.0,78.6,77.0,78.3,2733900,sideways
2022-03-16,78.3,78.4,77.2,78.1,2950000,sideways
2022-03-17,78.3,78.5,77.3,78.4,2565900,sideways
2022-03-18,78.3,79.5,77.4,78.8,5520700,weak_up
2022-03-21,78.8,81.0,78.3,81.0,3705300,strong_up
2022-03-22,81.0,82.4,81.0,82.2,3631800,weak_up
2022-03-23,82.1,82.4,81.4,81.4,1529200,weak_down
2022-03-24,81.4,81.4,80.4,81.0,1995200,sideways
2022-03-25,80.6,81.0,79.7,81.0,2193500,sideways
2022-03-28,79.9,81.2,79.7,80.5,2339900,weak_down
2022-03-29,80.0,81.8,79.8,80.8,2798300,sideways
2022-03-30,82.5,82.7,80.4,81.1,3088400,sideways
2022-03-31,81.1,82.3,81.0,81.2,1372000,sideways
2022-04-01,81.4,82.5,80.9,82.1,2609900,weak_up
2022-04-04,82.5,82.8,81.5,82.7,2730500,weak_up
2022-04-05,82.5,83.1,81.7,82.3,3591100,sideways
2022-04-06,80.5,82.3,79.5,80.5,5679100,strong_down
2022-04-07,80.2,80.3,77.6,79.5,3704800,weak_down
2022-04-08,80.0,82.4,80.0,81.7,5192000,strong_up
2022-04-12,81.4,81.4,80.3,81.3,2356500,sideways
2022-04-13,81.0,82.3,80.7,82.2,3146300,weak_up
2022-04-14,81.6,82.2,81.1,81.7,1763700,weak_down
2022-04-15,81.5,81.8,80.6,80.7,1678400,weak_down
2022-04-18,80.0,80.1,78.1,79.5,2984700,weak_down
2022-04-19,78.6,79.8,77.8,78.8,1816000,weak_down
2022-04-20,78.0,79.8,78.0,79.3,1713900,weak_up
2022-04-21,79.0,79.5,77.5,77.5,2684300,strong_down
2022-04-22,77.7,79.0,77.6,77.7,1867300,sideways
2022-04-25,77.8,79.2,72.7,76.2,2738000,weak_down
2022-04-26,73.5,78.5,73.5,78.0,3661700,strong_up
2022-04-27,77.5,78.0,75.0,78.0,2793500,sideways
2022-04-28,78.0,78.2,76.3,77.9,1386100,sideways
2022-04-29,77.5,80.0,76.6,80.0,2148700,strong_up
2022-05-04,79.6,80.0,77.7,79.7,1436000,sideways
2022-05-05,79.6,80.0,78.5,80.0,1858600,sideways
2022-05-06,78.5,80.0,78.0,79.8,1690000,sideways
2022-05-09,78.7,79.2,77.9,79.1,2428900,weak_down
2022-05-10,78.9,80.4,78.1,80.4,2617900,weak_up
2022-05-11,80.2,80.5,78.7,80.5,1983600,sideways
2022-05-12,80.0,80.0,77.1,79.0,2474100,weak_down
2022-05-13,79.0,79.0,77.2,78.0,3134600,weak_down
2022-05-16,79.0,79.0,76.2,77.0,1994100,weak_down
2022-05-17,76.0,78.0,75.2,78.0,1857400,weak_up
2022-05-18,78.0,78.0,76.0,78.0,2964900,sideways
2022-05-19,76.4,79.0,76.2,77.9,2650300,sideways
2022-05-20,77.9,77.9,76.5,77.8,2331100,sideways
2022-05-23,77.6,77.7,76.2,77.4,2644700,weak_down
2022-05-24,77.0,77.6,76.4,77.6,1568300,sideways
2022-05-25,77.6,78.1,76.7,77.7,1360400,sideways
2022-05-26,77.7,77.7,76.8,77.7,2076700,sideways
2022-05-27,77.4,78.0,77.0,78.0,1575800,sideways
2022-05-30,78.0,78.5,77.2,78.5,1390900,weak_up
2022-05-31,78.0,79.5,77.7,78.8,1776600,sideways
2022-06-01,78.6,79.4,78.3,79.3,1539200,weak_up
2022-06-02,79.2,79.2,77.6,78.9,2935600,weak_down
2022-06-03,78.1,79.2,78.0,78.8,1249100,sideways
2022-06-06,78.7,78.9,77.9,78.5,1503500,sideways
2022-06-07,78.5,78.5,77.7,78.0,1562200,weak_down
2022-06-08,77.8,78.7,77.6,78.1,1441700,sideways
2022-06-09,78.0,78.2,77.3,78.1,1542100,sideways
2022-06-10,77.8,78.2,77.5,78.0,979600,sideways
2022-06-13,76.6,77.4,76.2,76.4,1795500,strong_down
2022-06-14,76.2,76.6,75.2,76.6,2058500,sideways
2022-06-15,76.6,76.9,75.3,76.7,2037200,sideways
2022-06-16,76.0,77.7,75.8,76.6,1597800,sideways
2022-06-17,75.8,76.6,75.1,76.6,3725300,sideways
2022-06-20,76.6,76.6,75.3,75.6,2132800,weak_down
2022-06-21,75.2,75.2,73.8,75.0,1956200,weak_down
2022-06-22,74.7,75.0,73.6,75.0,1418900,sideways
2022-06-23,74.1,74.2,73.0,74.2,1548900,weak_down
2022-06-24,73.5,74.6,72.0,74.6,1514800,weak_up
2022-06-27,73.8,74.8,73.5,73.8,1822400,weak_down
2022-06-28,73.0,73.8,72.4,73.6,2228300,sideways
2022-06-29,72.8,73.4,72.3,73.4,1429300,sideways
2022-06-30,72.7,73.5,72.4,73.5,1878800,sideways
2022-07-01,73.2,73.4,72.1,72.6,1866600,weak_down
2022-07-04,72.4,72.7,72.2,72.7,758300,sideways
2022-07-05,72.7,72.8,72.0,72.3,1478700,weak_down
2022-07-06,72.0,72.1,67.5,67.5,2171700,strong_down
2022-07-07,68.0,69.8,66.5,69.8,2174100,strong_up
2022-07-08,70.0,70.7,67.5,70.0,1413800,sideways
2022-07-11,67.7,70.0,66.2,70.0,2385900,sideways
2022-07-12,68.6,70.2,68.0,69.9,1212400,sideways
2022-07-13,68.6,70.0,68.3,69.5,2004600,weak_down
2022-07-14,69.5,69.8,68.5,69.5,1414300,sideways
2022-07-15,69.1,69.8,68.6,69.6,1582500,sideways
2022-07-18,69.6,69.6,68.0,68.0,1088000,strong_down
2022-07-19,68.0,69.0,68.0,68.8,655400,weak_up
2022-07-20,68.8,69.0,68.2,68.2,626100,weak_down
2022-07-21,68.2,68.8,68.1,68.5,930600,sideways
2022-07-22,68.1,68.5,66.5,66.5,674700,strong_down
2022-07-25,66.9,67.4,66.5,67.3,755800,weak_up
2022-07-26,66.1,67.6,66.1,66.1,592700,weak_down
2022-07-27,66.2,66.8,66.0,66.5,581400,weak_up
2022-07-28,66.6,67.1,66.0,67.0,1152200,weak_up
2022-07-29,67.8,67.8,64.0,64.0,1908500,strong_down
2022-08-01,64.9,65.1,64.1,64.7,1261800,weak_up
2022-08-02,64.8,66.6,64.5,66.6,1372600,strong_up
2022-08-03,65.8,66.4,65.1,66.0,1250700,weak_down
2022-08-04,66.0,66.4,65.4,66.4,1146000,weak_up
2022-08-05,65.9,66.2,65.2,65.4,1134900,weak_down
2022-08-08,65.4,65.7,64.6,64.6,1010300,weak_down
2022-08-09,64.8,65.4,64.7,65.3,792000,weak_up
2022-08-10,65.0,65.6,64.7,64.8,967900,weak_down
2022-08-11,65.6,66.4,65.0,65.8,1674000,weak_up
2022-08-12,65.8,66.2,65.5,66.2,811200,weak_up
2022-08-15,66.3,66.5,66.1,66.4,802100,sideways
2022-08-16,66.4,66.4,65.7,65.9,862200,weak_down
2022-08-17,66.2,67.8,66.0,67.3,2201000,strong_up
2022-08-18,67.2,69.3,67.2,68.1,2769100,weak_up
2022-08-19,68.0,68.4,66.8,67.9,1221600,sideways
2022-08-22,67.2,68.0,66.0,66.0,1469100,strong_down
2022-08-23,65.5,65.6,64.8,65.0,1437800,weak_down
2022-08-24,65.2,65.8,64.9,64.9,787500,sideways
2022-08-25,65.0,65.9,65.0,65.9,483000,weak_up
2022-08-26,66.0,66.0,65.0,65.0,861300,weak_down
2022-08-29,64.3,64.4,63.0,63.6,1337500,strong_down
2022-08-30,63.6,64.1,63.2,63.6,868400,sideways
2022-08-31,64.0,65.7,63.7,63.7,1236800,sideways
2022-09-05,64.8,65.2,64.0,64.0,1310100,sideways
2022-09-06,64.1,64.8,63.1,63.3,1335600,weak_down
2022-09-07,63.3,63.4,62.5,62.5,1347400,weak_down
2022-09-08,63.3,63.6,62.4,62.9,841200,weak_up
2022-09-09,63.2,64.4,62.9,64.4,1193800,strong_up
2022-09-12,64.9,64.9,63.8,64.0,565490,weak_down
2022-09-13,64.0,64.3,63.6,64.1,1059100,sideways
2022-09-14,63.5,63.7,62.1,63.4,711000,weak_down
2022-09-15,63.5,64.0,62.8,63.9,851300,weak_up
2022-09-16,63.2,64.5,62.5,62.5,1684400,strong_down
2022-09-19,62.5,63.3,62.1,62.9,786000,weak_up
2022-09-20,62.6,63.9,62.6,63.9,800100,weak_up
2022-09-21,63.5,63.6,62.7,63.1,482700,weak_down
2022-09-22,62.5,63.3,58.7,63.3,1238700,sideways
2022-09-23,63.0,63.3,62.0,62.6,324200,weak_down
2022-09-26,61.8,62.6,61.6,62.0,1195900,weak_down
2022-09-27,62.1,62.2,60.8,61.0,639100,weak_down
2022-09-28,60.1,60.8,57.5,57.5,1140042,strong_down
2022-09-29,57.7,58.2,54.3,54.6,1703831,strong_down
2022-09-30,53.3,56.4,53.3,55.0,1726677,weak_up
2022-10-03,54.9,55.5,53.0,55.5,1454200,weak_up
2022-10-04,56.0,57.0,54.6,57.0,1298767,strong_up
2022-10-05,57.5,60.9,57.0,60.0,1331058,strong_up
2022-10-06,59.8,62.0,58.1,60.1,1013462,sideways
2022-10-07,60.5,60.7,58.3,60.2,2990364,sideways
2022-10-10,60.2,60.9,57.7,60.2,1240370,sideways
2022-10-11,58.3,60.1,56.7,60.0,2188180,sideways
2022-10-12,60.0,60.2,58.3,60.0,1710920,sideways
2022-10-13,58.7,61.0,58.2,60.4,1247332,weak_up
2022-10-14,60.5,60.5,58.4,59.7,780282,weak_down
2022-10-17,58.6,59.0,56.0,56.0,739577,strong_down
2022-10-18,56.5,58.6,56.5,58.4,607184,strong_up
2022-10-19,58.5,58.7,56.5,58.5,827188,sideways
2022-10-20,58.1,58.7,57.2,58.6,1099747,sideways
2022-10-21,58.5,58.5,54.5,56.8,1415682,strong_down
2022-10-24,56.0,56.6,52.9,56.5,1607542,weak_down
2022-10-25,56.3,56.3,53.0,56.1,1448232,weak_down
2022-10-26,56.1,56.1,53.5,54.8,1055285,strong_down
2022-10-27,54.6,55.0,52.5,55.0,1976151,sideways
2022-10-28,55.4,55.8,53.5,55.7,1282095,weak_up
2022-10-31,56.0,56.4,54.3,55.4,1053482,weak_down
2022-11-01,55.7,55.8,54.0,55.4,1420065,sideways
2022-11-02,55.3,55.4,54.0,55.4,1352984,sideways
2022-11-03,54.4,55.1,54.3,55.1,910188,weak_down
2022-11-04,54.9,54.9,52.1,54.3,1618605,weak_down
2022-11-07,54.0,54.0,51.7,53.4,1703767,weak_down
2022-11-08,52.2,53.3,49.7,53.3,2478285,sideways
2022-11-09,53.3,54.3,52.2,53.7,1574729,weak_up
2022-11-10,53.6,54.0,52.0,53.0,1558644,weak_down
2022-11-11,53.0,54.8,52.5,54.3,940000,strong_up
2022-11-14,54.2,55.5,53.1,55.0,1395876,weak_up
2022-11-15,55.9,57.5,55.0,57.0,1586278,strong_up
2022-11-16,56.9,60.9,56.1,60.4,2254533,strong_up
2022-11-17,62.4,64.6,60.5,64.6,4787437,strong_up
2022-11-18,66.9,66.9,63.1,65.6,1695536,weak_up
2022-11-21,66.0,66.7,63.6,64.0,1199950,strong_down
2022-11-22,64.0,65.9,61.0,61.0,1468940,strong_down
2022-11-23,60.1,62.6,59.7,59.7,999996,strong_down
2022-11-24,60.0,62.1,60.0,61.0,1143167,strong_up
2022-11-25,63.0,65.0,62.6,65.0,2292151,strong_up
2022-11-28,66.5,67.1,65.0,65.0,3252062,sideways
2022-11-29,65.0,69.4,64.2,69.4,3561790,strong_up
2022-11-30,69.5,70.2,68.0,69.6,3226645,sideways
2022-12-01,69.4,69.6,66.0,66.0,3206230,strong_down
2022-12-02,65.1,68.8,65.1,68.8,3592976,strong_up
2022-12-05,68.8,70.0,68.0,68.1,2303741,weak_down
2022-12-06,68.1,68.5,65.0,66.6,1804317,strong_down
2022-12-07,69.2,71.2,68.5,71.2,9426463,strong_up
2022-12-08,74.4,74.5,69.9,69.9,5604561,weak_down
2022-12-09,70.5,71.7,67.8,67.8,2662316,strong_down
2022-12-12,67.8,68.0,63.1,63.1,2853579,strong_down
2022-12-13,63.9,64.0,60.1,61.6,2864545,strong_down
2022-12-14,62.5,63.7,60.3,60.8,2900038,weak_down
2022-12-15,61.1,61.6,60.3,60.6,2313666,sideways
2022-12-16,60.6,60.8,58.4,58.4,3288241,strong_down
2022-12-19,59.0,59.4,56.5,56.5,2877847,strong_down
2022-12-20,56.5,57.8,55.1,55.9,2090520,weak_down
2022-12-21,56.6,57.0,54.8,54.9,2479936,weak_down
2022-12-22,56.0,57.0,55.0,55.0,2435389,sideways
2022-12-23,55.3,55.9,53.9,55.1,1868217,sideways
2022-12-26,55.0,55.0,52.5,52.9,2370953,strong_down
2022-12-27,52.9,54.8,52.1,53.4,1847234,weak_up
2022-12-28,53.5,53.5,52.1,53.5,2090197,sideways
2022-12-29,53.2,54.0,52.5,53.6,2136670,sideways
2022-12-30,53.8,53.9,53.0,53.8,2462702,sideways
2023-01-03,53.8,56.8,53.4,56.8,2010563,strong_up
2023-01-04,56.9,57.1,55.9,56.0,1930194,weak_down
2023-01-05,56.1,56.9,55.8,56.2,1643187,sideways
2023-01-06,56.0,56.1,54.9,56.1,1952310,sideways
2023-01-09,56.2,56.2,55.0,55.0,1205370,weak_down
2023-01-10,55.0,55.0,53.6,54.5,1744647,weak_down
2023-01-11,54.5,55.5,54.1,55.1,1087037,weak_up
2023-01-12,55.5,55.5,54.5,55.0,1067878,sideways
2023-01-13,55.0,55.3,54.4,55.0,1224806,sideways
2023-01-16,55.0,55.0,53.4,54.8,1688302,sideways
2023-01-17,53.5,55.2,53.5,55.2,1372574,weak_up
2023-01-18,55.4,56.7,55.0,56.7,1648359,strong_up
2023-01-19,56.3,57.4,56.0,57.4,2344625,weak_up
2023-01-27,57.8,59.3,57.6,59.2,2199758,strong_up
2023-01-30,59.5,59.5,57.5,57.7,1126330,strong_down
2023-01-31,58.1,58.5,56.5,57.1,1379316,weak_down
2023-02-01,57.6,57.6,54.8,55.2,1853669,strong_down
2023-02-02,55.2,56.1,55.1,55.8,1329685,weak_up
2023-02-03,56.0,56.0,55.0,56.0,1200061,sideways
2023-02-06,55.3,56.0,54.3,56.0,1417065,sideways
2023-02-07,56.0,56.0,53.6,55.0,1646544,weak_down
2023-02-08,54.6,54.6,53.0,54.4,2147467,weak_down
2023-02-09,53.5,54.5,52.4,54.2,3008207,sideways
2023-02-10,53.5,54.3,52.6,54.0,1696761,sideways
2023-02-13,53.1,53.6,52.5,53.4,1406340,weak_down
2023-02-14,53.1,53.1,50.8,52.9,3118622,weak_down
2023-02-15,52.7,52.9,50.9,52.9,3346862,sideways
2023-02-16,53.0,53.7,51.4,53.4,3241560,weak_up
2023-02-17,53.4,53.5,52.2,53.5,1872572,sideways
2023-02-20,53.3,55.0,53.0,54.1,1517061,weak_up
2023-02-21,54.2,54.7,53.7,54.3,1503769,sideways
2023-02-22,53.5,53.6,52.4,53.0,2558497,strong_down
2023-02-23,52.8,53.1,51.1,53.0,2388323,sideways
2023-02-24,52.1,52.9,51.7,52.9,2206998,sideways
2023-02-27,52.0,52.5,51.4,52.5,1390624,weak_down
2023-02-28,52.5,53.0,52.0,52.6,913373,sideways
2023-03-01,52.0,53.3,51.6,52.7,795590,sideways
2023-03-02,52.5,53.3,52.3,52.8,769696,sideways
2023-03-03,52.8,53.0,52.2,52.7,786515,sideways
2023-03-06,52.7,53.3,52.1,52.6,1570363,sideways
2023-03-07,53.0,53.2,52.4,52.7,1443135,sideways
2023-03-08,52.2,53.3,52.2,53.0,832601,weak_up
2023-03-09,53.0,53.6,52.6,53.0,1038232,sideways
2023-03-10,53.0,53.3,52.5,53.1,900385,sideways
2023-03-13,53.1,53.4,52.5,53.3,997492,sideways
2023-03-14,53.2,53.2,52.6,53.0,1019920,weak_down
2023-03-15,53.0,54.0,53.0,54.0,1178538,weak_up
2023-03-16,54.0,55.7,53.0,53.3,3157702,weak_down
2023-03-17,53.9,54.0,52.4,53.2,3121949,sideways
2023-03-20,53.0,53.2,51.4,52.8,3363500,weak_down
2023-03-21,52.8,53.4,51.6,52.8,1767309,sideways
2023-03-22,52.6,52.9,52.1,52.8,1798006,sideways
2023-03-23,52.2,52.8,52.1,52.8,2074275,sideways
2023-03-24,52.8,53.7,52.5,53.3,831551,weak_up
2023-03-27,53.3,53.8,52.8,53.3,702791,sideways
2023-03-28,53.3,53.6,53.2,53.4,783785,sideways
2023-03-29,53.5,53.6,52.9,53.5,586147,sideways
2023-03-30,53.5,54.9,53.4,53.7,994908,sideways
2023-03-31,53.6,55.2,53.6,55.0,2620659,strong_up
2023-04-03,55.9,58.8,55.6,58.0,4855219,strong_up
2023-04-04,58.5,58.7,56.8,56.8,1873373,strong_down
2023-04-05,56.7,56.7,55.0,55.5,1975351,strong_down
2023-04-06,56.4,56.4,54.5,54.5,2066461,weak_down
2023-04-07,55.0,55.0,53.4,54.4,2380942,sideways
2023-04-10,54.5,54.6,53.3,53.8,2146135,weak_down
2023-04-11,53.7,53.7,52.8,53.6,1848162,sideways
2023-04-12,53.3,53.5,52.6,53.1,3647130,weak_down
2023-04-13,53.1,53.5,52.7,53.0,1921142,sideways
2023-04-14,53.2,53.5,52.7,52.9,1664261,sideways
2023-04-17,52.9,53.0,52.4,52.9,1758658,sideways
2023-04-18,52.9,52.9,52.4,52.8,1756337,sideways
2023-04-19,52.6,52.7,52.3,52.6,1746672,sideways
2023-04-20,52.5,52.7,52.2,52.6,1217699,sideways
2023-04-21,52.6,52.7,52.1,52.7,1699992,sideways
2023-04-24,52.7,52.7,52.2,52.6,1496627,sideways
2023-04-25,52.8,52.8,51.8,52.5,2717851,sideways
2023-04-26,52.4,52.4,51.7,51.9,1836987,weak_down
2023-04-27,51.8,51.8,50.5,50.5,3597812,strong_down
2023-04-28,50.6,52.1,50.6,52.1,2242703,strong_up
2023-05-04,52.1,52.1,51.1,51.3,1499378,weak_down
2023-05-05,50.9,51.4,50.6,50.7,1299514,weak_down
2023-05-08,50.7,50.9,50.5,50.9,1338752,sideways
2023-05-09,50.9,51.0,50.4,50.6,1114436,weak_down
2023-05-10,50.8,50.8,50.4,50.6,1070093,sideways
2023-05-11,50.7,50.7,50.3,50.5,1191201,sideways
2023-05-12,50.7,51.9,50.5,51.7,2093909,strong_up
2023-05-15,54.9,54.9,54.0,54.4,4523393,strong_up
2023-05-16,54.6,54.8,52.8,52.9,2624245,strong_down
2023-05-17,52.9,53.8,52.5,53.2,2169972,weak_up
2023-05-18,53.6,53.8,53.0,53.2,2080586,sideways
2023-05-19,53.4,53.4,52.1,52.5,1934303,weak_down
2023-05-22,52.5,52.7,51.9,52.1,1857211,weak_down
2023-05-23,52.2,53.5,52.2,52.6,2021009,weak_up
2023-05-24,52.8,52.8,52.3,52.6,1291275,sideways
2023-05-25,52.6,52.7,52.2,52.6,1454432,sideways
2023-05-26,52.4,52.5,52.0,52.0,1594510,weak_down
2023-05-29,52.0,52.9,52.0,52.7,1382409,weak_up
2023-05-30,52.7,52.9,52.3,52.4,1316559,weak_down
2023-05-31,52.4,52.4,52.0,52.0,2433098,weak_down
2023-06-01,52.0,52.2,51.6,52.0,1528292,sideways
2023-06-02,52.0,52.3,51.9,52.0,1732748,sideways
2023-06-05,52.1,52.5,52.0,52.1,1826290,sideways
2023-06-06,52.2,53.2,52.2,53.2,2121567,strong_up
2023-06-07,53.3,53.6,52.6,52.8,1657766,weak_down
2023-06-08,52.8,53.0,52.4,52.4,1437545,weak_down
2023-06-09,52.5,52.6,52.2,52.3,820401,sideways
2023-06-12,52.5,53.4,52.5,53.4,1713480,strong_up
2023-06-13,53.7,54.3,53.3,54.1,2113725,weak_up
2023-06-14,54.1,54.7,53.8,53.8,2244674,weak_down
2023-06-15,53.8,54.5,53.3,53.5,2116777,weak_down
2023-06-16,53.8,54.0,52.6,53.5,3881247,sideways
2023-06-19,53.8,53.8,52.1,52.1,2317886,strong_down
2023-06-20,52.0,52.5,51.9,52.0,1465724,sideways
2023-06-21,52.1,52.4,51.7,52.4,2072812,weak_up
2023-06-22,52.7,52.8,52.0,52.4,1628084,sideways
2023-06-23,52.1,52.3,51.9,52.0,2179786,weak_down
2023-06-26,52.1,52.7,51.9,52.2,1525987,sideways
2023-06-27,52.2,53.0,52.2,52.4,2489564,sideways
2023-06-28,52.6,52.7,52.0,52.2,1895175,sideways
2023-06-29,52.2,52.4,51.8,51.8,1629424,weak_down
2023-06-30,51.8,51.9,51.0,51.0,1745122,weak_down
2023-07-03,51.5,51.7,51.1,51.1,1867937,sideways
2023-07-04,51.5,51.5,51.1,51.3,1360815,sideways
2023-07-05,51.4,51.6,50.9,51.0,2480776,weak_down
2023-07-06,51.0,51.4,50.4,50.4,2602584,weak_down
2023-07-07,50.5,50.6,50.0,50.1,2943357,weak_down
2023-07-10,50.5,51.2,50.2,50.9,3347583,weak_up
2023-07-11,51.0,51.3,50.8,50.8,1930185,sideways
2023-07-12,51.1,51.9,50.8,51.4,2297942,weak_up
2023-07-13,51.5,52.0,51.2,51.5,1895478,sideways
2023-07-14,51.8,51.8,51.0,51.4,2015747,sideways
2023-07-17,51.6,53.1,51.4,52.9,4608596,strong_up
2023-07-18,53.0,53.1,52.6,52.7,2093493,sideways
2023-07-19,52.9,52.9,52.1,52.1,1818238,weak_down
2023-07-20,52.1,52.6,51.6,52.0,1895148,sideways
2023-07-21,52.0,52.3,51.6,52.1,2326086,sideways
2023-07-24,52.2,52.6,51.8,52.0,2623551,sideways
2023-07-25,52.1,52.2,51.5,51.5,3805339,weak_down
2023-07-26,51.4,51.9,51.0,51.0,4122874,weak_down
2023-07-27,51.0,51.5,50.8,51.1,3933883,sideways
2023-07-28,51.1,51.6,50.9,51.5,3551550,weak_up
2023-07-31,55.1,55.1,54.6,55.1,10568791,strong_up
2023-08-01,58.8,58.9,58.0,58.9,12267009,strong_up
2023-08-02,59.0,59.9,58.1,58.3,12356610,weak_down
2023-08-03,58.3,59.5,58.0,58.2,7526045,sideways
2023-08-04,59.0,62.2,59.0,62.2,21219751,strong_up
2023-08-07,63.5,64.3,62.4,63.9,8098179,strong_up
2023-08-08,64.0,67.5,63.6,67.0,11064274,strong_up
2023-08-09,67.0,67.8,65.7,65.8,9776179,weak_down
2023-08-10,66.3,68.4,66.1,67.9,7903503,strong_up
2023-08-11,72.6,72.6,72.1,72.6,23104312,strong_up
2023-08-14,74.9,75.4,71.5,73.3,12716864,weak_up
2023-08-15,73.0,73.3,70.7,70.7,14772842,strong_down
2023-08-16,75.6,75.6,75.4,75.6,19421060,strong_up
2023-08-17,75.6,76.6,71.9,71.9,22255051,strong_down
2023-08-18,69.1,70.0,66.9,66.9,26634404,strong_down
2023-08-21,66.0,66.1,63.3,65.8,22413378,weak_down
2023-08-22,67.0,67.1,62.8,64.5,13127398,weak_down
2023-08-23,69.0,69.0,65.0,65.0,20349686,weak_up
2023-08-24,65.7,65.8,62.6,64.2,16622901,weak_down
2023-08-25,65.2,66.7,63.3,63.5,17908873,weak_down
2023-08-28,65.0,66.7,64.5,64.7,16721500,weak_up
2023-08-29,65.7,65.9,63.2,63.4,20657140,strong_down
2023-08-30,63.0,63.0,60.6,62.0,24564665,strong_down
2023-08-31,62.5,64.1,62.0,62.1,14991365,sideways
2023-09-05,62.5,63.9,61.7,62.3,13068213,sideways
2023-09-06,62.4,62.5,60.8,61.6,19418722,weak_down
2023-09-07,62.0,62.5,60.8,60.8,16136689,weak_down
2023-09-08,60.5,60.6,59.1,59.1,28234328,strong_down
2023-09-11,60.1,61.4,59.1,59.1,16375076,sideways
2023-09-12,59.8,60.5,59.1,60.3,15075195,strong_up
2023-09-13,60.8,61.4,59.1,59.2,16330581,weak_down
2023-09-14,59.1,59.3,55.5,55.5,26884676,strong_down
2023-09-15,56.0,56.3,53.2,53.6,18970872,strong_down
2023-09-18,53.6,53.6,52.4,53.0,11472018,weak_down
2023-09-19,53.5,53.9,51.5,51.7,12803860,strong_down
2023-09-20,52.0,53.5,51.7,53.5,11808929,strong_up
2023-09-21,53.8,53.8,52.2,52.2,8515472,strong_down
2023-09-22,51.5,51.6,49.8,50.0,17468108,strong_down
2023-09-25,50.1,50.4,46.5,46.5,16856481,strong_down
2023-09-26,46.0,46.75,44.55,45.0,15129033,strong_down
2023-09-27,44.6,45.25,44.05,45.2,8902297,sideways
2023-09-28,45.2,45.3,44.1,45.0,6894827,sideways
2023-09-29,45.2,48.15,45.15,46.85,13579034,strong_up
2023-10-02,47.0,47.55,46.5,46.9,5091726,sideways
2023-10-03,45.9,46.0,43.85,44.5,12910252,strong_down
2023-10-04,44.5,46.3,44.05,46.1,6723806,strong_up
2023-10-05,46.2,46.4,44.8,45.6,5364953,weak_down
2023-10-06,45.9,46.25,45.0,45.95,6196767,weak_up
2023-10-09,46.0,46.05,45.2,45.2,4894479,weak_down
2023-10-10,45.6,46.15,44.9,44.9,5867539,weak_down
2023-10-11,45.05,45.45,45.0,45.45,3632517,weak_up
2023-10-12,46.0,47.3,45.8,46.5,7717107,strong_up
2023-10-13,46.05,46.45,45.55,46.1,5061629,weak_down
2023-10-16,46.05,46.05,45.0,45.0,4845213,strong_down
2023-10-17,45.0,45.15,44.0,44.0,4849933,strong_down
2023-10-18,44.05,44.55,41.5,43.8,8879923,sideways
2023-10-19,43.8,43.9,42.4,43.2,5388681,weak_down
2023-10-20,43.0,43.35,41.85,43.35,5957984,sideways
2023-10-23,43.35,43.4,42.6,43.4,4903735,sideways
2023-10-24,43.2,43.5,42.9,43.45,2825454,sideways
2023-10-25,44.2,45.3,43.85,44.7,6230181,strong_up
2023-10-26,42.9,42.95,41.6,41.6,15118463,strong_down
2023-10-27,41.65,41.8,38.7,41.6,14012908,sideways
2023-10-30,41.3,41.55,39.75,41.5,6066004,sideways
2023-10-31,41.05,41.55,40.45,40.5,5942625,strong_down
2023-11-01,39.7,40.5,39.45,40.4,4624083,sideways
2023-11-02,40.5,41.5,39.65,41.45,6052872,strong_up
2023-11-03,41.7,42.1,41.25,41.6,4099829,sideways
2023-11-06,41.95,42.3,41.65,42.1,4298392,weak_up
2023-11-07,41.8,42.15,41.25,42.05,4225925,sideways
2023-11-08,41.9,43.05,41.6,43.0,4754624,strong_up
2023-11-09,44.0,45.7,44.0,45.4,7317098,strong_up
2023-11-10,45.0,45.2,44.4,44.95,5107737,weak_down
2023-11-13,45.05,45.05,44.45,44.8,3957149,sideways
2023-11-14,44.95,45.5,44.5,44.95,3848817,sideways
2023-11-15,45.4,45.6,44.9,45.4,6210937,weak_up
2023-11-16,45.4,45.4,44.85,45.1,2344000,weak_down
2023-11-17,45.2,45.2,42.15,42.2,11582521,strong_down
2023-11-20,40.9,42.8,40.9,42.7,4308309,weak_up
2023-11-21,43.05,43.15,42.05,42.6,2855950,sideways
2023-11-22,42.95,43.0,41.85,42.0,3802678,weak_down
2023-11-23,42.0,42.6,41.3,41.3,3305235,weak_down
2023-11-24,41.35,41.5,40.6,41.35,3531149,sideways
2023-11-27,41.3,42.2,41.3,41.85,2797486,weak_up
2023-11-28,41.85,42.5,41.6,42.4,2475131,weak_up
2023-11-29,42.4,42.65,42.3,42.55,2054168,sideways
2023-11-30,42.5,42.85,41.75,41.75,3468773,weak_down
2023-12-01,42.05,42.2,41.85,42.1,2304371,weak_up
2023-12-04,42.1,43.0,42.1,42.95,3574455,strong_up
2023-12-05,42.95,43.15,42.6,42.8,3629966,sideways
2023-12-06,42.5,43.0,42.5,42.8,2343866,sideways
2023-12-07,42.8,43.2,41.9,42.8,4456617,sideways
2023-12-08,42.6,43.05,42.55,42.95,2655052,sideways
2023-12-11,43.25,44.35,43.25,44.05,5298706,strong_up
2023-12-12,44.05,44.4,44.0,44.25,2777999,sideways
2023-12-13,44.1,44.35,43.2,43.9,3978030,weak_down
2023-12-14,43.95,44.05,43.45,43.8,3045113,sideways
2023-12-15,43.7,43.95,43.05,43.7,6068694,sideways
2023-12-18,43.7,43.95,43.05,43.2,2347367,weak_down
2023-12-19,43.3,43.3,42.3,43.2,2816581,sideways
2023-12-20,42.95,43.45,42.85,43.25,1761694,sideways
2023-12-21,43.0,43.3,42.8,43.2,1892061,sideways
2023-12-22,43.2,43.35,42.75,43.15,2002652,sideways
2023-12-25,43.1,43.55,43.0,43.4,1979879,weak_up
2023-12-26,43.4,43.75,43.35,43.55,1766330,sideways
2023-12-27,43.65,43.95,43.6,43.6,1851342,sideways
2023-12-28,43.6,44.6,43.6,44.45,4075667,weak_up
2023-12-29,44.65,44.85,44.45,44.6,2172536,sideways
