time,open,high,low,close,volume,price,volatility,trend
2021-03-30,13.01,13.01,12.96,13.01,1896300,strong up,low,above
2021-03-31,13.89,13.89,13.43,13.89,4138700,strong up,medium,above
2021-04-01,13.87,13.92,13.38,13.92,3793500,sideways,medium,above
2021-04-02,13.67,13.94,13.67,13.94,2990700,sideways,low,above
2021-04-05,13.85,13.89,13.52,13.87,1564100,slight down,medium,above
2021-04-06,13.77,13.82,13.47,13.82,1881700,sideways,medium,below
2021-04-07,13.82,13.82,13.57,13.82,1208100,sideways,low,below
2021-04-08,13.72,13.72,13.57,13.62,911300,slight down,low,below
2021-04-09,13.33,13.67,13.33,13.67,955900,sideways,medium,below
2021-04-12,13.47,13.67,13.33,13.67,846900,sideways,medium,below
2021-04-13,13.38,13.57,13.38,13.47,433600,slight down,low,below
2021-04-14,13.33,13.45,13.23,13.23,579800,slight down,low,below
2021-04-15,13.03,13.33,12.59,13.33,1409400,slight up,high,below
2021-04-16,13.33,13.47,13.08,13.47,574400,slight up,medium,above
2021-04-19,13.52,13.57,13.38,13.57,886900,slight up,low,above
2021-04-20,13.62,13.62,13.52,13.57,1465400,sideways,low,above
2021-04-22,13.47,13.57,13.23,13.57,729000,sideways,medium,above
2021-04-23,13.57,13.57,12.88,12.88,853900,strong down,high,below
2021-04-26,13.33,13.43,13.01,13.23,578000,strong up,medium,below
2021-04-27,12.39,13.28,12.39,13.28,705300,sideways,high,below
2021-04-28,12.83,13.3,12.83,13.23,846500,sideways,medium,below
2021-04-29,12.88,13.3,12.88,13.25,1199900,sideways,medium,above
2021-05-04,12.86,13.08,12.86,13.03,1055500,slight down,low,below
2021-05-05,13.03,13.08,12.88,13.06,647500,sideways,low,below
2021-05-06,13.06,13.97,12.98,13.5,1078900,strong up,high,above
2021-05-07,13.57,13.67,13.33,13.57,1122000,slight up,medium,above
2021-05-10,13.57,13.82,13.33,13.82,1638300,slight up,medium,above
2021-05-11,13.97,13.97,13.67,13.82,942400,sideways,medium,above
2021-05-12,13.82,13.82,13.67,13.82,1429600,sideways,low,above
2021-05-13,13.82,14.07,13.38,13.97,2069300,slight up,high,above
2021-05-14,14.07,14.93,13.57,14.93,3100400,strong up,high,above
2021-05-17,14.96,15.79,14.96,15.52,3145000,strong up,high,above
2021-05-18,15.84,15.84,15.5,15.55,3096400,sideways,medium,above
2021-05-19,15.55,15.77,14.56,15.67,3510600,slight up,high,above
2021-05-20,15.77,15.77,14.61,15.67,4030600,sideways,high,above
2021-05-21,15.67,15.79,14.98,15.79,4272700,slight up,high,above
2021-05-24,15.79,16.09,15.05,16.09,2716700,slight up,high,above
2021-05-25,16.24,17.2,15.05,17.2,3725900,strong up,high,above
2021-05-26,17.23,18.36,16.54,18.36,2720400,strong up,high,above
2021-05-27,18.41,18.44,17.3,18.29,2077400,sideways,high,above
2021-05-28,18.26,19.25,17.52,19.25,2006200,strong up,high,above
2021-05-31,19.25,20.14,18.76,20.14,1832500,strong up,high,above
2021-06-01,20.16,20.68,19.25,20.19,1733600,sideways,high,above
2021-06-02,20.09,20.48,19.2,20.48,1816900,slight up,high,above
2021-06-03,20.53,21.22,19.27,21.22,2794400,strong up,high,above
2021-06-04,21.42,22.46,19.79,22.46,4445100,strong up,high,above
2021-06-07,22.46,22.46,20.93,21.47,1594600,strong down,high,above
2021-06-08,20.48,21.22,20.04,21.22,2450000,slight down,high,below
2021-06-09,19.99,21.32,19.82,19.84,2641700,strong down,high,below
2021-06-10,19.99,21.03,18.51,20.39,3337900,strong up,high,below
2021-06-11,20.39,21.17,19.5,21.17,2589300,strong up,high,above
2021-06-14,21.17,21.22,20.24,21.22,2782100,sideways,high,above
2021-06-15,21.15,21.2,19.79,20.39,2466800,strong down,high,below
2021-06-16,20.39,20.39,19.05,19.64,1489700,strong down,high,below
2021-06-17,19.55,19.64,18.46,19.6,1823600,sideways,high,below
2021-06-18,18.76,19.97,18.26,19.92,2734900,slight up,high,below
2021-06-21,19.92,19.92,19.25,19.74,2216300,slight down,medium,below
2021-06-22,19.74,19.79,19.2,19.77,2389900,sideways,medium,above
2021-06-23,19.72,19.72,19.27,19.6,2069900,slight down,medium,below
2021-06-24,19.6,19.67,19.25,19.62,2276400,sideways,medium,below
2021-06-25,19.62,19.79,19.25,19.79,2106000,slight up,medium,above
2021-06-28,19.55,20.24,19.0,20.14,2093400,slight up,high,above
2021-06-29,20.14,20.24,20.09,20.21,2099600,sideways,low,above
2021-06-30,20.21,20.41,19.5,20.31,2195300,sideways,high,above
2021-07-01,20.31,20.34,19.4,20.16,2349400,slight down,high,above
2021-07-02,20.19,20.93,19.72,20.93,3294900,strong up,high,above
2021-07-05,20.93,20.93,20.24,20.83,2506700,sideways,medium,above
2021-07-06,20.83,20.9,19.89,20.58,3177800,slight down,high,above
2021-07-07,20.31,20.73,19.74,20.68,3388500,sideways,high,above
2021-07-08,20.63,20.63,19.99,20.48,2656800,slight down,medium,below
2021-07-09,20.39,20.53,19.74,20.04,2824800,strong down,medium,below
2021-07-12,19.89,19.89,18.66,18.76,1625200,strong down,high,below
2021-07-13,18.51,19.05,17.92,19.05,1732300,slight up,high,below
2021-07-14,19.0,19.0,18.31,18.86,1798000,slight down,medium,below
2021-07-15,18.76,19.94,18.51,19.89,1725100,strong up,high,above
2021-07-16,19.89,20.24,19.23,19.47,1963600,strong down,high,above
2021-07-19,19.2,19.2,18.26,18.26,1590100,strong down,high,below
2021-07-20,18.26,19.4,17.28,19.27,1740500,strong up,high,above
2021-07-21,19.27,19.35,18.86,19.25,1753900,sideways,medium,above
2021-07-22,19.2,20.24,18.86,20.24,2105800,strong up,high,above
2021-07-23,21.01,21.01,20.09,20.22,1460500,sideways,high,above
2021-07-26,20.17,20.17,19.12,19.61,1212300,strong down,high,below
2021-07-27,19.63,20.04,18.85,20.04,1412500,strong up,high,above
2021-07-28,19.93,20.01,19.39,19.9,1308300,slight down,medium,below
2021-07-29,19.87,19.96,19.39,19.93,1488300,sideways,medium,below
2021-07-30,19.9,20.04,19.39,19.71,2351600,slight down,medium,below
2021-08-02,19.39,19.71,18.85,19.61,1895300,slight down,high,below
2021-08-03,19.5,19.74,19.28,19.74,1485000,slight up,medium,below
2021-08-04,19.71,19.93,19.63,19.93,1721500,slight up,low,above
2021-08-05,19.9,20.22,19.28,20.06,3360800,slight up,high,above
2021-08-06,20.09,20.17,19.66,20.01,1449500,sideways,medium,above
2021-08-09,19.82,20.09,19.63,20.09,1542500,sideways,medium,above
2021-08-10,20.09,20.17,19.66,19.87,2707800,slight down,medium,below
2021-08-11,19.55,19.9,19.12,19.79,2420300,sideways,medium,below
2021-08-12,19.77,19.77,19.12,19.71,1854300,sideways,medium,below
2021-08-13,19.66,19.66,19.12,19.61,2626900,slight down,medium,below
2021-08-16,19.55,19.71,19.12,19.71,3049600,slight up,medium,below
2021-08-17,19.71,20.2,19.66,19.82,2520300,slight up,medium,above
2021-08-18,19.52,19.77,19.39,19.52,2351100,slight down,low,below
2021-08-19,19.5,19.5,19.17,19.34,2059500,slight down,low,below
2021-08-20,19.34,19.34,18.64,19.28,1814400,sideways,medium,below
2021-08-23,19.17,19.23,18.82,19.01,2285100,slight down,medium,below
2021-08-24,18.96,19.17,18.72,19.17,2167200,slight up,medium,below
2021-08-25,19.23,19.36,18.96,19.23,2703100,sideways,medium,above
2021-08-26,19.17,19.26,18.88,19.04,3278000,slight down,low,below
2021-08-27,19.01,19.04,18.42,19.04,3167600,sideways,medium,below
2021-08-30,19.07,19.39,18.96,19.39,3405800,slight up,medium,above
2021-08-31,19.39,19.44,19.2,19.39,3009500,sideways,low,above
2021-09-01,19.39,19.44,18.91,19.34,3849700,sideways,medium,above
2021-09-06,19.01,19.36,18.91,19.34,3044100,sideways,medium,above
2021-09-07,19.2,19.39,18.93,19.39,3851000,sideways,medium,above
2021-09-08,19.36,19.36,19.09,19.17,3643400,slight down,low,below
2021-09-09,19.15,19.39,19.07,19.39,3575700,slight up,low,above
2021-09-10,19.39,19.42,19.2,19.39,2791000,sideways,low,above
2021-09-13,19.28,19.39,18.93,19.17,3340200,slight down,medium,below
2021-09-14,19.17,19.28,19.09,19.17,2019100,sideways,low,below
2021-09-15,19.17,19.26,19.09,19.26,1987900,sideways,low,below
2021-09-16,19.28,19.36,18.99,19.26,3057900,sideways,low,above
2021-09-17,19.26,19.36,19.17,19.36,2986100,slight up,low,above
2021-09-20,19.34,19.44,19.31,19.39,2191000,sideways,low,above
2021-09-21,19.17,19.28,19.12,19.23,1626800,slight down,low,below
2021-09-22,19.26,19.28,18.93,19.23,1903900,sideways,low,below
2021-09-23,19.26,19.28,19.09,19.28,1994400,sideways,low,below
2021-09-24,19.36,19.39,19.26,19.39,1789800,slight up,low,above
2021-09-27,19.39,19.44,18.88,19.26,2507100,slight down,medium,below
2021-09-28,19.17,19.31,19.09,19.31,2044000,sideways,low,above
2021-09-29,19.31,19.31,19.15,19.31,2031800,sideways,low,below
2021-09-30,19.28,19.36,18.96,19.31,2694100,sideways,medium,below
2021-10-01,19.31,19.34,19.09,19.31,2032900,sideways,low,above
2021-10-04,19.31,19.34,19.09,19.31,2061000,sideways,low,below
2021-10-05,19.28,19.36,19.04,19.36,1861700,sideways,low,above
2021-10-06,19.39,19.5,19.09,19.5,2015100,slight up,medium,above
2021-10-07,19.52,20.25,19.23,20.25,2020700,strong up,high,above
2021-10-08,20.28,20.74,20.25,20.47,2065900,slight up,medium,above
2021-10-11,20.49,20.71,20.25,20.47,1822000,sideways,medium,above
2021-10-12,20.49,20.49,20.31,20.47,2103300,sideways,low,above
2021-10-13,20.59,21.39,20.19,21.13,2697700,strong up,high,above
2021-10-14,21.1,21.3,20.96,21.22,3228100,sideways,low,above
2021-10-15,21.22,21.36,21.19,21.33,3568300,slight up,low,above
2021-10-18,21.33,21.42,20.82,21.22,2989000,slight down,medium,above
2021-10-19,21.25,21.25,20.88,21.22,1764900,sideways,low,below
2021-10-20,21.1,21.22,20.99,21.22,1891100,sideways,low,below
2021-10-21,21.19,21.28,20.7,21.1,3226000,slight down,medium,below
2021-10-22,21.13,21.13,20.85,20.9,2160900,slight down,low,below
2021-10-25,20.88,20.93,20.65,20.88,1899000,sideways,low,below
2021-10-26,20.82,20.88,20.51,20.79,2027000,sideways,low,below
2021-10-27,20.82,20.88,20.62,20.85,2164300,sideways,low,below
2021-10-28,20.88,21.56,20.73,21.56,1701600,strong up,medium,above
2021-10-29,21.53,21.56,20.99,21.16,2120900,slight down,medium,above
2021-11-01,21.05,21.25,20.65,21.22,2037300,sideways,medium,above
2021-11-02,21.1,21.25,20.76,21.22,1937200,sideways,medium,above
2021-11-03,21.22,21.9,20.85,21.82,2188300,strong up,high,above
2021-11-04,21.62,21.79,21.19,21.45,2295200,slight down,medium,above
2021-11-05,21.45,21.45,20.82,21.45,3310100,sideways,medium,above
2021-11-08,20.93,21.62,20.93,21.45,2111600,sideways,medium,below
2021-11-09,21.42,21.48,21.02,21.45,2362400,sideways,medium,below
2021-11-10,21.39,21.45,21.02,21.25,2213700,slight down,medium,below
2021-11-11,21.22,21.22,20.93,21.08,2022800,slight down,low,below
2021-11-12,21.13,21.22,20.93,21.22,1978800,slight up,low,below
2021-11-15,21.25,21.33,21.05,21.13,2160600,sideways,low,below
2021-11-16,21.16,21.28,20.99,21.02,2192100,slight down,low,below
2021-11-17,21.05,21.08,20.68,21.02,2100500,sideways,low,below
2021-11-18,21.02,21.02,20.65,20.73,1284600,slight down,low,below
2021-11-19,20.9,20.9,20.68,20.82,1794100,sideways,low,below
2021-11-22,20.96,21.67,20.33,21.08,1270300,slight up,high,above
2021-11-23,21.36,21.36,20.96,21.08,1007800,sideways,low,above
2021-11-24,21.19,22.53,20.88,22.53,1789500,strong up,high,above
2021-11-25,23.24,23.5,22.82,23.39,1190600,strong up,medium,above
2021-11-26,23.1,23.36,22.82,23.27,2039200,slight down,medium,above
2021-11-29,21.67,22.99,21.67,22.67,1952700,strong down,high,above
2021-11-30,22.76,22.82,22.02,22.59,1579000,sideways,medium,below
2021-12-01,21.79,22.64,21.79,22.64,1788900,sideways,medium,below
2021-12-02,22.53,22.59,22.39,22.56,2243100,sideways,low,below
2021-12-03,22.56,22.62,21.96,21.96,2103100,strong down,medium,below
2021-12-06,21.73,21.93,20.56,21.67,1723500,slight down,high,below
2021-12-07,21.96,22.47,21.67,22.02,1701600,slight up,medium,below
2021-12-08,22.07,22.53,21.67,22.53,1703400,strong up,medium,above
2021-12-09,22.53,22.59,22.25,22.59,1905600,sideways,low,above
2021-12-10,22.64,22.64,22.47,22.59,1709200,sideways,low,above
2021-12-13,22.64,22.76,21.96,22.67,2039600,sideways,medium,above
2021-12-14,22.64,22.64,22.42,22.62,1789100,sideways,low,above
2021-12-15,22.64,22.67,22.33,22.67,2063400,sideways,low,above
2021-12-16,22.62,22.62,22.3,22.62,1833700,sideways,low,below
2021-12-17,22.59,22.62,22.05,22.44,2246000,slight down,medium,below
2021-12-20,22.5,22.53,22.19,22.39,1916000,sideways,low,below
2021-12-21,22.36,22.42,22.16,22.42,1791900,sideways,low,below
2021-12-22,22.39,22.39,22.1,22.27,2109400,slight down,low,below
2021-12-23,22.27,22.27,21.39,22.05,4132900,slight down,medium,below
2021-12-24,22.02,23.59,21.82,23.53,3663200,strong up,high,above
2021-12-27,23.67,25.1,23.56,25.1,3680800,strong up,high,above
2021-12-28,25.27,25.61,24.53,25.07,2819000,sideways,high,above
2021-12-29,25.07,25.67,24.24,25.67,2471900,strong up,high,above
2021-12-30,25.78,25.78,25.1,25.7,2310800,sideways,medium,above
2021-12-31,25.61,26.18,25.55,26.01,2256900,slight up,medium,above
2022-01-04,26.1,26.18,25.64,26.01,2208100,sideways,medium,above
2022-01-05,25.92,26.01,25.24,25.67,1891900,slight down,medium,below
2022-01-06,25.13,25.21,24.3,25.07,2666600,strong down,medium,below
2022-01-07,24.98,24.98,23.84,24.21,2220900,strong down,high,below
2022-01-10,24.13,24.13,22.87,23.24,2225900,strong down,high,below
2022-01-11,22.82,23.07,22.27,22.27,1542500,strong down,medium,below
2022-01-12,22.25,23.39,21.56,23.39,2239500,strong up,high,below
2022-01-13,23.96,24.07,23.24,23.73,2293800,slight up,medium,above
2022-01-14,23.7,23.79,23.27,23.79,2199400,sideways,medium,above
2022-01-17,24.41,24.41,22.85,23.67,1599900,slight down,high,above
2022-01-18,23.55,23.83,22.42,23.46,2322000,slight down,high,below
2022-01-19,23.37,23.58,23.0,23.46,1897600,sideways,medium,below
2022-01-20,23.49,24.07,23.15,24.07,1889700,strong up,medium,above
2022-01-21,24.07,24.07,23.09,24.07,2819000,sideways,high,above
2022-01-24,24.01,24.13,23.8,24.04,2014100,sideways,low,above
2022-01-25,24.01,24.5,23.8,24.5,1851700,slight up,medium,above
2022-01-26,24.5,24.72,23.67,24.29,2597300,slight down,high,above
2022-01-27,24.16,24.16,23.49,23.92,1868000,slight down,medium,below
2022-01-28,23.89,24.1,23.37,24.1,2306100,slight up,medium,below
2022-02-07,24.07,24.13,23.74,24.1,1491800,sideways,low,below
2022-02-08,24.01,24.07,23.0,23.43,2174600,strong down,high,below
2022-02-09,23.43,23.95,22.91,23.55,2316500,slight up,high,below
2022-02-10,23.61,23.67,23.06,23.67,1873800,slight up,medium,below
2022-02-11,23.61,23.61,23.21,23.46,1682400,slight down,low,below
2022-02-14,23.31,23.4,22.45,22.45,2070900,strong down,high,below
2022-02-15,22.32,23.06,21.77,22.82,1684900,slight up,high,below
2022-02-16,22.94,23.0,22.51,22.57,1671200,slight down,medium,below
2022-02-17,22.72,22.94,22.26,22.26,1749400,slight down,medium,below
2022-02-18,22.26,22.29,21.53,22.2,1850900,sideways,medium,below
2022-02-21,22.17,22.29,21.93,22.26,1578100,sideways,low,below
2022-02-22,22.17,22.2,21.77,22.08,1514200,slight down,low,below
2022-02-23,22.29,22.36,21.53,22.36,2470400,slight up,medium,above
2022-02-24,22.32,22.32,21.62,22.2,1656700,slight down,medium,below
2022-02-25,22.14,22.26,22.05,22.26,1951000,sideways,low,above
2022-02-28,22.26,22.26,21.47,21.71,1641500,strong down,medium,below
2022-03-01,21.8,22.72,21.25,22.63,2363400,strong up,high,above
2022-03-02,22.69,23.18,22.08,23.18,2107700,strong up,high,above
2022-03-03,22.91,23.21,22.45,23.21,1945800,sideways,medium,above
2022-03-04,23.09,23.31,22.69,23.31,2497600,sideways,medium,above
2022-03-07,23.31,23.34,22.75,23.18,1787200,slight down,medium,above
2022-03-08,23.09,23.18,22.85,23.12,1994100,sideways,low,below
2022-03-09,23.06,23.12,22.57,23.0,1967100,slight down,medium,below
2022-03-10,23.03,23.18,22.72,23.0,1989600,sideways,medium,below
2022-03-11,22.91,23.0,22.69,23.0,1640800,sideways,low,below
2022-03-14,22.97,22.97,22.66,22.94,1666100,sideways,low,below
2022-03-15,22.85,23.0,22.72,23.0,1705300,sideways,low,above
2022-03-16,23.0,23.15,22.75,23.12,1772000,slight up,low,above
2022-03-17,23.12,23.18,22.75,23.18,1772500,sideways,low,above
2022-03-18,23.21,23.21,23.03,23.21,1525400,sideways,low,above
2022-03-21,23.15,23.28,22.75,23.21,1812000,sideways,medium,above
2022-03-22,23.15,23.55,22.88,23.49,1925700,slight up,medium,above
2022-03-23,23.24,23.49,23.18,23.43,1668100,sideways,low,above
2022-03-24,23.28,23.4,22.91,23.37,1654500,sideways,medium,above
2022-03-25,23.34,23.46,22.97,23.37,1818000,sideways,medium,below
2022-03-28,23.34,23.34,22.75,23.09,1901000,slight down,medium,below
2022-03-29,23.09,23.09,22.39,22.39,2414800,strong down,medium,below
2022-03-30,22.39,23.58,22.32,23.34,2563300,strong up,high,above
2022-03-31,23.28,23.46,23.03,23.34,2733800,sideways,low,above
2022-04-01,23.21,23.61,23.03,23.61,2517400,slight up,medium,above
2022-04-04,23.61,23.67,23.31,23.64,2622900,sideways,low,above
2022-04-05,23.61,23.61,23.34,23.58,2567700,sideways,low,above
2022-04-06,23.52,23.58,23.34,23.58,1962800,sideways,low,above
2022-04-07,23.58,23.58,23.28,23.4,2743100,slight down,low,below
2022-04-08,23.31,23.34,22.63,23.18,2561800,slight down,medium,below
2022-04-12,23.15,23.31,22.45,23.31,2092500,slight up,medium,below
2022-04-13,23.21,23.34,23.12,23.34,2628300,sideways,low,below
2022-04-14,23.31,23.52,22.94,23.4,2506600,sideways,medium,above
2022-04-15,23.37,23.37,23.15,23.31,2232600,sideways,low,above
2022-04-18,23.31,23.31,22.69,23.15,2373900,slight down,medium,below
2022-04-19,23.12,23.18,23.0,23.09,1568100,sideways,low,below
2022-04-20,23.09,23.24,22.91,23.15,2131300,sideways,low,below
2022-04-21,23.12,23.31,23.03,23.28,2152900,slight up,low,above
2022-04-22,23.31,23.46,23.06,23.15,1989300,slight down,low,below
2022-04-25,23.15,23.15,21.77,21.77,1888400,strong down,high,below
2022-04-26,21.83,22.39,21.19,22.36,1919900,strong up,high,below
2022-04-27,22.36,22.72,22.14,22.72,1921900,slight up,medium,above
2022-04-28,22.75,22.91,22.57,22.85,2046700,slight up,low,above
2022-04-29,22.85,22.88,22.2,22.54,2122200,slight down,medium,above
2022-05-04,22.57,22.57,22.05,22.23,1708500,slight down,medium,below
2022-05-05,22.26,22.32,21.93,22.2,1742000,sideways,low,below
2022-05-06,21.5,21.77,21.22,21.65,1626000,strong down,medium,below
2022-05-09,21.47,21.53,20.82,21.16,1360900,strong down,medium,below
2022-05-10,21.04,22.08,20.55,22.08,1349500,strong up,high,above
2022-05-11,22.05,22.08,21.47,22.08,1794600,sideways,medium,above
2022-05-12,22.02,22.02,21.34,21.47,1866600,strong down,medium,below
2022-05-13,21.47,21.65,20.55,21.25,1654600,slight down,high,below
2022-05-16,21.44,21.44,20.91,21.34,2204100,sideways,medium,below
2022-05-17,21.25,21.47,20.98,21.34,1976300,sideways,medium,below
2022-05-18,21.4,21.47,21.16,21.34,2171000,sideways,low,below
2022-05-19,21.25,21.31,20.88,21.22,1538900,slight down,medium,below
2022-05-20,21.25,21.44,21.13,21.37,2006500,slight up,low,above
2022-05-23,21.4,21.47,21.07,21.16,1869800,slight down,low,below
2022-05-24,21.28,21.28,20.85,20.88,1786300,slight down,medium,below
2022-05-25,20.98,20.98,20.42,20.88,2089500,sideways,medium,below
2022-05-26,20.91,21.01,20.61,21.01,1940100,slight up,low,below
2022-05-27,20.98,21.22,20.73,21.22,2077400,slight up,medium,above
2022-05-30,21.1,21.22,20.88,21.04,2614200,slight down,low,above
2022-05-31,20.88,20.94,20.64,20.73,2217400,slight down,low,below
2022-06-01,20.73,20.79,20.55,20.55,2002500,slight down,low,below
2022-06-02,20.58,20.76,20.33,20.73,2672500,slight up,medium,below
2022-06-03,20.73,20.79,20.58,20.73,1673400,sideways,low,below
2022-06-06,20.82,20.82,20.55,20.7,1898500,sideways,low,above
2022-06-07,20.64,20.64,20.02,20.48,2023400,slight down,medium,below
2022-06-08,20.7,20.76,20.48,20.73,2242300,slight up,low,above
2022-06-09,20.82,20.82,19.35,20.52,1794200,slight down,high,below
2022-06-10,20.48,20.52,20.24,20.3,1665400,slight down,low,below
2022-06-13,20.15,20.15,19.38,19.38,1947600,strong down,medium,below
2022-06-14,19.23,20.24,18.74,20.24,2891900,strong up,high,above
2022-06-15,20.18,20.85,19.41,20.85,2526900,strong up,high,above
2022-06-16,21.15,22.0,20.82,22.0,1954400,strong up,high,above
2022-06-17,21.85,21.96,21.23,21.96,2014700,sideways,medium,above
2022-06-20,21.92,21.96,21.23,21.96,2035800,sideways,medium,above
2022-06-21,21.92,21.92,21.3,21.92,2046300,sideways,medium,above
2022-06-22,21.92,22.62,21.37,22.51,2720500,strong up,high,above
2022-06-23,22.51,22.62,22.33,22.62,1676800,sideways,low,above
2022-06-24,22.62,22.84,22.07,22.84,2067000,slight up,medium,above
2022-06-27,22.73,23.02,22.62,22.95,1279900,sideways,low,above
2022-06-28,22.98,23.31,22.84,23.02,1781900,sideways,medium,above
2022-06-29,22.95,23.39,22.69,23.13,1722400,sideways,medium,above
2022-06-30,23.2,23.28,23.06,23.13,1468000,sideways,low,above
2022-07-01,23.2,23.2,23.02,23.17,1715200,sideways,low,above
2022-07-04,23.24,23.24,22.91,23.17,1343700,sideways,low,above
2022-07-05,23.24,23.24,22.98,23.2,1657200,sideways,low,above
2022-07-06,23.17,23.2,22.76,22.98,1767700,slight down,low,below
2022-07-07,22.76,23.02,22.54,22.91,1181600,sideways,medium,below
2022-07-08,22.95,23.2,22.65,23.2,1904600,slight up,medium,above
2022-07-11,23.24,23.24,22.95,23.2,1343500,sideways,low,above
2022-07-12,23.13,23.42,23.09,23.42,1266400,slight up,low,above
2022-07-13,23.42,23.42,23.13,23.17,1864500,slight down,low,below
2022-07-14,23.09,23.13,22.87,23.06,1230600,sideways,low,below
2022-07-15,23.09,23.24,22.98,23.02,1603500,sideways,low,below
2022-07-18,23.06,23.28,22.87,23.28,1612000,slight up,low,above
2022-07-19,23.28,23.31,23.06,23.31,1323800,sideways,low,above
2022-07-20,23.28,23.42,23.24,23.42,1788100,sideways,low,above
2022-07-21,23.39,23.42,23.2,23.42,1554200,sideways,low,above
2022-07-22,23.39,23.5,23.2,23.39,1660400,sideways,low,above
2022-07-25,23.31,23.35,23.09,23.17,1526400,slight down,low,below
2022-07-26,23.06,23.24,22.95,23.24,1373400,sideways,low,below
2022-07-27,23.2,23.24,23.09,23.24,1729800,sideways,low,below
2022-07-28,22.4,23.28,22.03,23.28,2160800,sideways,high,above
2022-07-29,23.28,23.31,23.02,23.31,1515200,sideways,low,above
2022-08-01,23.24,23.39,23.06,23.39,1958600,sideways,low,above
2022-08-02,23.24,23.31,23.02,23.31,1878200,sideways,low,above
2022-08-03,23.2,23.28,23.06,23.28,1661500,sideways,low,below
2022-08-04,23.24,23.28,23.09,23.24,1997000,sideways,low,below
2022-08-05,23.2,23.24,23.02,23.09,1809400,slight down,low,below
2022-08-08,23.13,23.17,23.02,23.02,1852500,sideways,low,below
2022-08-09,23.02,23.06,22.76,22.87,1950700,slight down,low,below
2022-08-10,22.87,22.87,22.62,22.76,1839100,sideways,low,below
2022-08-11,22.87,23.06,22.65,23.06,2102500,slight up,low,above
2022-08-12,22.95,23.02,22.8,22.95,1773500,sideways,low,above
2022-08-15,23.06,23.06,22.87,23.06,1710000,sideways,low,above
2022-08-16,23.02,23.02,22.84,23.02,1678300,sideways,low,above
2022-08-17,22.95,23.06,22.91,23.06,1849200,sideways,low,above
2022-08-18,23.06,23.06,22.84,22.95,2069300,sideways,low,below
2022-08-19,22.95,22.95,22.8,22.87,1679800,sideways,low,below
2022-08-22,22.91,23.79,22.8,23.79,2008500,strong up,high,above
2022-08-23,23.79,23.79,23.5,23.79,1854400,sideways,low,above
2022-08-24,23.79,23.79,23.68,23.72,1735300,sideways,low,above
2022-08-25,23.64,23.72,23.28,23.72,1450200,sideways,low,above
2022-08-26,23.68,23.72,23.42,23.72,1774000,sideways,low,below
2022-08-29,23.57,23.57,23.2,23.57,1543700,slight down,low,below
2022-08-30,23.53,23.64,23.06,23.64,1097700,sideways,medium,below
2022-08-31,23.06,23.61,22.69,23.61,2146600,sideways,medium,below
2022-09-05,23.5,23.5,23.06,23.42,1158600,slight down,low,below
2022-09-06,23.39,23.46,23.28,23.42,1543100,sideways,low,below
2022-09-07,23.39,23.42,23.13,23.42,1611500,sideways,low,below
2022-09-08,23.42,23.42,23.17,23.39,1273500,sideways,low,below
2022-09-09,23.39,23.39,23.17,23.35,1419400,sideways,low,below
2022-09-12,23.35,23.35,23.06,23.06,1268653,slight down,low,below
2022-09-13,23.09,23.09,22.84,23.06,1292862,sideways,low,below
2022-09-14,23.02,23.02,22.76,22.98,1348000,sideways,low,below
2022-09-15,22.98,23.06,22.8,23.02,1451004,sideways,low,below
2022-09-16,22.98,23.06,22.87,23.06,1390374,sideways,low,above
2022-09-19,23.06,23.06,22.84,22.98,1444831,sideways,low,below
2022-09-20,22.76,23.09,22.76,23.06,1180217,sideways,low,above
2022-09-21,23.06,23.06,22.95,22.98,1120137,sideways,low,below
2022-09-22,22.98,22.98,22.65,22.91,1305207,sideways,low,below
2022-09-23,22.73,22.84,22.58,22.76,1116054,slight down,low,below
2022-09-26,22.03,22.69,22.03,22.33,1076437,slight down,medium,below
2022-09-27,22.14,22.36,22.14,22.36,1316687,sideways,low,below
2022-09-28,22.4,22.4,22.11,22.36,1300314,sideways,low,below
2022-09-29,22.36,22.43,22.25,22.36,1160342,sideways,low,below
2022-09-30,22.29,22.4,22.14,22.4,1152715,sideways,low,above
2022-10-03,22.4,22.4,21.74,21.74,1123320,strong down,medium,below
2022-10-04,22.36,22.36,21.59,21.59,1157245,slight down,medium,below
2022-10-05,21.59,21.96,21.59,21.96,1161780,slight up,low,below
2022-10-06,22.0,22.11,21.52,21.81,1104914,slight down,medium,below
2022-10-07,21.81,21.85,21.15,21.48,1053033,slight down,medium,below
2022-10-10,21.48,21.52,21.15,21.26,924608,slight down,low,below
2022-10-11,21.19,21.26,20.35,20.42,777805,strong down,high,below
2022-10-12,20.42,21.85,20.35,21.7,1377283,strong up,high,above
2022-10-13,21.92,21.92,21.37,21.67,1112183,sideways,medium,above
2022-10-14,21.89,21.89,21.48,21.7,1147887,sideways,low,above
2022-10-17,21.85,21.85,21.19,21.59,1146954,slight down,medium,above
2022-10-18,21.78,21.81,21.41,21.59,1103060,sideways,low,below
2022-10-19,21.59,21.7,21.41,21.59,986236,sideways,low,below
2022-10-20,21.59,21.59,21.41,21.59,965654,sideways,low,below
2022-10-21,21.45,21.59,20.71,21.08,1030024,strong down,high,below
2022-10-24,21.26,21.26,20.39,20.86,855867,slight down,high,below
2022-10-25,21.12,21.23,20.57,21.23,998217,slight up,medium,below
2022-10-26,21.26,21.56,21.08,21.23,753053,sideways,medium,above
2022-10-27,21.12,22.69,20.6,22.69,1262094,strong up,high,above
2022-10-28,22.69,22.69,22.22,22.65,1230644,sideways,medium,above
2022-10-31,22.69,22.69,22.43,22.65,979517,sideways,low,above
2022-11-01,22.58,22.69,22.54,22.69,1047764,sideways,low,above
2022-11-02,22.65,22.69,22.43,22.65,1005552,sideways,low,below
2022-11-03,22.62,22.65,22.29,22.29,1032286,slight down,low,below
2022-11-04,22.29,22.36,22.14,22.18,1042635,sideways,low,below
2022-11-07,22.22,22.29,21.96,21.96,1088260,slight down,low,below
2022-11-08,21.96,22.62,21.74,22.03,1043811,sideways,medium,below
2022-11-09,22.11,22.4,21.96,22.03,1005179,sideways,low,below
2022-11-10,22.03,22.03,21.3,21.3,1187517,strong down,medium,below
2022-11-11,21.34,22.0,21.34,22.0,1206824,strong up,medium,above
2022-11-14,21.96,21.96,21.34,21.78,1125059,slight down,medium,below
2022-11-15,21.67,21.81,21.01,21.45,952188,slight down,medium,below
2022-11-16,21.45,22.0,21.01,21.81,1261433,slight up,high,above
2022-11-17,21.89,22.11,21.81,22.11,1137926,slight up,low,above
2022-11-18,22.11,22.14,21.78,21.96,1006018,slight down,low,above
2022-11-21,21.96,22.07,21.7,21.81,879614,slight down,low,below
2022-11-22,21.85,22.0,20.31,21.81,1269596,sideways,high,below
2022-11-23,21.81,21.89,21.7,21.7,947712,slight down,low,below
2022-11-24,21.7,21.74,21.56,21.63,940808,sideways,low,below
2022-11-25,21.63,21.81,21.63,21.81,1077907,slight up,low,above
2022-11-28,21.85,22.0,21.81,22.0,1394839,slight up,low,above
2022-11-29,22.03,22.07,21.78,22.03,1092186,sideways,low,above
2022-11-30,22.03,22.07,21.85,22.07,1240879,sideways,low,above
2022-12-01,22.07,22.18,22.0,22.18,1183875,sideways,low,above
2022-12-02,22.18,22.29,22.07,22.29,1445000,sideways,low,above
2022-12-05,22.33,22.47,22.29,22.47,1430161,slight up,low,above
2022-12-06,22.51,22.51,22.25,22.36,1417573,sideways,low,above
2022-12-07,22.36,22.4,22.25,22.4,1091994,sideways,low,above
2022-12-08,22.4,22.69,22.4,22.58,1276391,slight up,low,above
2022-12-09,22.58,22.62,22.29,22.51,1220083,sideways,low,above
2022-12-12,22.51,22.62,22.33,22.54,1222873,sideways,low,above
2022-12-13,22.54,22.69,22.43,22.69,1208033,slight up,low,above
2022-12-14,22.69,22.76,22.58,22.69,1184638,sideways,low,above
2022-12-15,22.69,22.84,22.62,22.76,1212298,sideways,low,above
2022-12-16,22.76,22.84,22.62,22.84,1197919,sideways,low,above
2022-12-19,22.84,22.98,22.73,22.91,1228263,sideways,low,above
2022-12-20,22.91,22.95,22.54,22.91,1341600,sideways,low,above
2022-12-21,22.91,22.98,22.8,22.98,1097885,sideways,low,above
2022-12-22,23.02,23.2,22.95,23.2,1232098,slight up,low,above
2022-12-23,23.2,23.28,23.06,23.24,767101,sideways,low,above
2022-12-26,23.24,23.31,22.98,23.17,877492,sideways,low,above
2022-12-27,23.17,23.42,23.09,23.42,973135,slight up,low,above
2022-12-28,23.42,23.64,23.2,23.64,1042645,slight up,low,above
2022-12-29,23.64,23.79,23.53,23.75,953519,sideways,low,above
2022-12-30,23.79,24.08,23.75,24.08,1301598,slight up,low,above
2023-01-03,24.12,24.48,24.08,24.37,1011314,slight up,low,above
2023-01-04,24.41,24.56,24.3,24.52,1114942,slight up,low,above
2023-01-05,24.56,24.7,24.45,24.63,915376,sideways,low,above
2023-01-06,24.63,24.78,24.52,24.7,1102751,sideways,low,above
2023-01-09,24.74,24.85,24.63,24.7,1007167,sideways,low,above
2023-01-10,24.7,24.78,24.52,24.67,974596,sideways,low,above
2023-01-11,24.67,24.81,24.59,24.74,1129239,sideways,low,above
2023-01-12,24.7,24.7,24.56,24.7,947863,sideways,low,below
2023-01-13,24.7,24.81,24.59,24.7,1061488,sideways,low,below
2023-01-16,24.74,24.78,24.56,24.78,1010000,sideways,low,above
2023-01-17,24.81,24.89,24.74,24.78,1042632,sideways,low,above
2023-01-18,24.78,24.89,24.7,24.81,1117200,sideways,low,above
2023-01-19,24.81,24.89,24.7,24.85,1073702,sideways,low,above
2023-01-27,24.89,25.07,24.85,24.92,1099477,sideways,low,above
2023-01-30,24.92,24.96,24.7,24.78,1121846,slight down,low,below
2023-01-31,24.78,24.78,24.59,24.74,1231369,sideways,low,below
2023-02-01,24.78,24.85,24.56,24.56,1032105,slight down,low,below
2023-02-02,24.56,24.63,24.41,24.48,1002517,sideways,low,below
2023-02-03,24.41,24.48,23.28,23.28,1200609,strong down,high,below
2023-02-06,23.35,23.35,23.13,23.31,1005099,sideways,low,below
2023-02-07,23.31,23.42,23.13,23.39,1033876,sideways,low,below
2023-02-08,23.39,23.61,23.31,23.42,1024970,sideways,low,below
2023-02-09,23.42,23.57,23.39,23.42,1000850,sideways,low,above
2023-02-10,23.46,23.5,23.31,23.39,931350,sideways,low,above
2023-02-13,23.39,23.42,23.2,23.24,909310,slight down,low,below
2023-02-14,23.2,23.35,23.13,23.2,901346,sideways,low,below
2023-02-15,23.2,23.39,23.2,23.31,968523,sideways,low,below
2023-02-16,23.35,23.42,23.28,23.39,918405,sideways,low,above
2023-02-17,23.39,23.46,23.28,23.39,893985,sideways,low,above
2023-02-20,23.39,23.64,23.39,23.64,938391,slight up,low,above
2023-02-21,23.64,23.72,23.53,23.61,1018056,sideways,low,above
2023-02-22,23.57,23.61,23.35,23.35,964918,slight down,low,below
2023-02-23,23.35,23.39,23.02,23.28,1094800,sideways,low,below
2023-02-24,23.31,23.35,22.84,23.13,973234,slight down,medium,below
2023-02-27,23.13,23.17,22.84,23.06,886944,sideways,low,below
2023-02-28,23.09,23.24,23.06,23.24,877121,slight up,low,above
2023-03-01,23.24,23.5,23.09,23.46,900565,slight up,low,above
2023-03-02,23.46,23.53,23.31,23.42,918300,sideways,low,above
2023-03-03,23.42,23.53,23.13,23.39,869392,sideways,low,above
2023-03-06,23.42,23.68,23.42,23.53,934700,slight up,low,above
2023-03-07,23.53,23.79,23.53,23.72,929636,slight up,low,above
2023-03-08,23.64,23.79,23.46,23.79,876706,sideways,low,above
2023-03-09,23.83,23.9,23.57,23.86,1013877,sideways,low,above
2023-03-10,23.86,23.86,23.5,23.72,990289,slight down,low,below
2023-03-13,23.61,23.72,23.5,23.72,945906,sideways,low,below
2023-03-14,23.72,23.72,23.31,23.64,971109,sideways,low,below
2023-03-15,23.68,23.83,23.68,23.83,905394,slight up,low,above
2023-03-16,23.79,23.83,23.42,23.57,916831,slight down,low,below
2023-03-17,23.64,23.72,23.46,23.61,891716,sideways,low,below
2023-03-20,23.61,23.61,23.06,23.5,953401,sideways,medium,below
2023-03-21,23.53,23.61,22.98,23.53,982214,sideways,medium,below
2023-03-22,23.57,23.61,23.13,23.53,921884,sideways,medium,below
2023-03-23,23.5,23.53,23.09,23.53,951834,sideways,low,below
2023-03-24,23.53,23.57,23.09,23.2,820110,slight down,medium,below
2023-03-27,23.24,23.24,22.98,23.2,816829,sideways,low,below
2023-03-28,23.2,23.2,22.95,23.06,754554,slight down,low,below
2023-03-29,23.06,23.09,22.84,22.98,756537,sideways,low,below
2023-03-30,22.98,23.02,22.8,23.02,871969,sideways,low,below
2023-03-31,23.02,23.06,22.8,23.02,865151,sideways,low,below
2023-04-03,23.02,23.13,22.87,23.13,892864,sideways,low,above
2023-04-04,23.13,23.17,22.91,23.06,819400,sideways,low,above
2023-04-05,23.02,23.09,22.84,23.09,929632,sideways,low,above
2023-04-06,23.09,23.09,22.84,22.95,1017456,slight down,low,below
2023-04-07,22.95,22.95,22.76,22.91,831429,sideways,low,below
2023-04-10,22.91,22.98,22.8,22.91,787756,sideways,low,below
2023-04-11,22.8,22.95,22.73,22.95,825600,sideways,low,below
2023-04-12,22.95,22.95,22.76,22.95,862535,sideways,low,above
2023-04-13,22.95,22.95,22.76,22.95,835505,sideways,low,above
2023-04-14,22.91,22.95,22.76,22.91,806138,sideways,low,below
2023-04-17,22.87,22.95,22.8,22.95,726503,sideways,low,above
2023-04-18,22.95,22.95,22.76,22.87,833315,sideways,low,below
2023-04-19,22.87,22.91,22.76,22.8,746100,sideways,low,below
2023-04-20,22.84,22.84,22.69,22.84,715554,sideways,low,below
2023-04-21,22.84,22.87,22.69,22.76,776404,sideways,low,below
2023-04-24,22.76,22.8,22.58,22.76,763207,sideways,low,below
2023-04-25,22.76,22.76,22.54,22.58,631668,slight down,low,below
2023-04-26,22.58,22.58,22.22,22.25,579640,slight down,low,below
2023-04-27,22.29,22.4,22.14,22.4,845059,slight up,low,below
2023-04-28,22.4,23.39,22.4,23.39,945857,strong up,high,above
2023-05-04,23.35,23.35,22.95,23.02,623203,slight down,low,above
2023-05-05,23.02,23.06,22.87,23.02,538123,sideways,low,above
2023-05-08,23.06,23.17,23.02,23.09,624773,sideways,low,above
2023-05-09,23.09,23.24,22.98,23.09,666203,sideways,low,below
2023-05-10,23.09,23.13,22.98,22.98,449152,sideways,low,below
2023-05-11,22.98,23.02,22.84,22.84,520933,slight down,low,below
2023-05-12,22.84,22.84,22.62,22.69,544113,slight down,low,below
2023-05-15,22.73,22.84,22.54,22.54,487510,slight down,low,below
2023-05-16,22.54,22.58,22.22,22.22,511618,slight down,low,below
2023-05-17,22.18,22.22,22.0,22.0,559133,slight down,low,below
2023-05-18,22.0,22.0,21.78,22.0,649695,sideways,low,below
2023-05-19,22.0,22.0,21.81,21.92,540216,sideways,low,below
2023-05-22,21.92,22.07,21.89,22.07,560255,slight up,low,above
2023-05-23,22.07,22.14,21.89,21.96,528573,sideways,low,below
2023-05-24,22.0,22.03,21.85,21.89,488618,sideways,low,below
2023-05-25,21.85,21.92,21.7,21.89,621002,sideways,low,below
2023-05-26,21.92,22.03,21.89,22.0,580066,slight up,low,above
2023-05-29,22.0,22.25,22.0,22.11,511777,sideways,low,above
2023-05-30,22.14,22.18,21.92,22.11,546963,sideways,low,above
2023-05-31,22.11,22.22,22.0,22.22,537255,sideways,low,above
2023-06-01,22.25,22.4,22.22,22.36,611508,slight up,low,above
2023-06-02,22.43,22.91,22.43,22.91,591585,strong up,medium,above
2023-06-05,22.95,23.13,22.95,23.06,498015,slight up,low,above
2023-06-06,23.06,23.17,22.95,23.09,608993,sideways,low,above
2023-06-07,23.13,23.17,22.95,23.13,531931,sideways,low,above
2023-06-08,23.17,23.2,22.91,22.98,526044,slight down,low,below
2023-06-09,22.98,23.06,22.87,22.95,693892,sideways,low,below
2023-06-12,22.98,23.13,22.87,23.09,444828,slight up,low,above
2023-06-13,23.09,23.42,23.06,23.06,599222,sideways,low,above
2023-06-14,23.09,23.2,22.98,23.06,565030,sideways,low,above
2023-06-15,22.98,23.09,22.95,23.06,738524,sideways,low,above
2023-06-16,23.09,23.13,22.87,23.02,631516,sideways,low,below
2023-06-19,23.06,23.13,22.98,23.02,608961,sideways,low,below
2023-06-20,23.02,23.09,22.98,23.06,715609,sideways,low,above
2023-06-21,23.09,23.24,23.02,23.24,649052,slight up,low,above
2023-06-22,23.28,23.39,23.24,23.35,709023,sideways,low,above
2023-06-23,23.46,23.9,23.42,23.9,997482,strong up,medium,above
2023-06-26,23.9,23.94,23.64,23.9,758394,sideways,low,above
2023-06-27,23.9,23.94,23.81,23.94,738873,sideways,low,above
2023-06-28,23.94,24.03,23.94,24.03,666726,sideways,low,above
2023-06-29,24.03,24.12,23.9,23.9,779230,slight down,low,below
2023-06-30,23.9,23.94,23.81,23.81,601757,sideways,low,below
2023-07-03,23.81,23.9,23.77,23.81,724295,sideways,low,below
2023-07-04,23.86,23.9,23.77,23.86,693511,sideways,low,below
2023-07-05,23.9,24.03,23.86,24.03,582200,slight up,low,above
2023-07-06,24.03,25.18,24.03,25.18,615875,strong up,high,above
2023-07-07,25.22,25.22,25.04,25.22,674706,sideways,low,above
2023-07-10,25.26,25.31,25.18,25.31,877758,sideways,low,above
2023-07-11,25.35,25.53,25.26,25.44,932601,slight up,low,above
2023-07-12,25.44,25.53,25.18,25.26,562371,slight down,low,below
2023-07-13,25.31,25.48,25.22,25.48,892518,slight up,low,above
2023-07-14,25.53,25.57,25.35,25.53,666834,sideways,low,above
2023-07-17,25.62,25.62,25.44,25.62,639146,sideways,low,above
2023-07-18,25.62,25.79,25.57,25.79,882334,slight up,low,above
2023-07-19,25.84,25.88,25.75,25.79,642616,sideways,low,above
2023-07-20,25.79,25.92,25.7,25.79,706810,sideways,low,above
2023-07-21,25.79,25.92,25.7,25.79,866172,sideways,low,above
2023-07-24,25.84,25.97,25.7,25.88,820014,sideways,low,above
2023-07-25,25.88,25.97,25.84,25.97,1010612,sideways,low,above
2023-07-26,25.97,26.06,25.92,26.06,1036095,sideways,low,above
2023-07-27,26.06,26.14,25.97,26.1,837380,sideways,low,above
2023-07-28,26.1,26.19,25.97,26.14,1068042,sideways,low,above
2023-07-31,26.19,26.36,25.66,25.66,1398290,slight down,medium,below
2023-08-01,25.7,26.36,25.7,26.36,1361192,strong up,medium,above
2023-08-02,26.32,26.63,26.28,26.63,2962654,slight up,low,above
2023-08-03,26.67,26.72,26.5,26.63,1008142,sideways,low,above
2023-08-04,26.67,27.55,25.53,25.53,5278143,strong down,high,below
2023-08-07,25.62,26.63,25.62,26.63,1557675,strong up,medium,above
2023-08-08,26.41,26.76,25.88,26.67,3619484,sideways,medium,above
2023-08-09,26.67,26.81,25.97,26.41,1337353,slight down,medium,above
2023-08-10,26.45,26.5,25.79,26.41,1211423,sideways,medium,above
2023-08-11,26.41,26.76,26.06,26.76,2873089,slight up,medium,above
2023-08-14,26.81,26.81,25.22,26.19,1057386,strong down,high,below
2023-08-15,25.97,25.97,25.35,25.97,938569,slight down,medium,below
2023-08-16,25.79,26.01,25.31,25.97,1029870,sideways,medium,below
2023-08-17,25.35,25.88,25.35,25.88,1255990,sideways,medium,below
2023-08-18,25.79,25.79,24.08,24.16,1080350,strong down,high,below
2023-08-21,24.25,24.74,23.42,23.42,1041291,strong down,high,below
2023-08-22,23.64,24.82,23.64,24.82,1194114,strong up,high,below
2023-08-23,24.91,24.91,23.11,24.82,1233060,sideways,high,above
2023-08-24,24.82,25.04,23.77,25.04,1145481,slight up,high,above
2023-08-25,24.38,25.04,24.08,24.82,874565,slight down,medium,above
2023-08-28,24.82,24.91,24.16,24.91,1119919,sideways,medium,above
2023-08-29,24.91,24.96,24.25,24.96,1750296,sideways,medium,above
2023-08-30,24.96,25.0,24.34,24.74,1416835,slight down,medium,below
2023-08-31,24.47,24.82,24.16,24.74,1484876,sideways,medium,below
2023-09-05,24.74,24.82,24.21,24.21,1409430,strong down,medium,below
2023-09-06,24.21,24.52,23.77,24.47,1317586,slight up,medium,below
2023-09-07,24.3,24.43,23.99,24.16,1526265,slight down,low,below
2023-09-08,24.08,24.43,24.03,24.21,1274924,sideways,low,below
2023-09-11,24.25,24.25,23.68,23.77,1578487,slight down,medium,below
2023-09-12,23.77,24.21,23.5,24.08,1260774,slight up,medium,below
2023-09-13,23.94,23.94,23.42,23.9,1634705,slight down,medium,below
2023-09-14,23.46,23.9,23.15,23.15,1253119,strong down,medium,below
2023-09-15,23.2,23.77,23.2,23.77,1225748,strong up,medium,above
2023-09-18,23.24,23.77,23.15,23.59,1150326,slight down,medium,below
2023-09-19,23.55,23.59,22.93,23.59,1160436,sideways,medium,below
2023-09-20,23.11,23.55,23.02,23.33,1138821,slight down,medium,below
2023-09-21,22.98,23.42,22.98,23.33,1567937,sideways,low,below
2023-09-22,22.8,23.24,22.45,22.45,1148696,strong down,medium,below
2023-09-25,22.45,22.89,22.32,22.89,1224280,slight up,medium,below
2023-09-26,22.98,23.46,22.32,23.06,1471626,slight up,high,above
2023-09-27,23.11,23.28,22.49,23.11,1173498,sideways,medium,above
2023-09-28,22.89,23.15,21.96,22.01,1225931,strong down,high,below
2023-09-29,21.88,22.18,21.83,22.01,1031923,sideways,low,below
2023-10-02,22.01,22.14,21.83,22.01,939995,sideways,low,below
2023-10-03,21.66,22.05,21.66,21.92,1017549,sideways,low,below
2023-10-04,22.01,22.01,21.52,21.52,1065468,slight down,medium,below
2023-10-05,21.39,21.66,21.17,21.57,898738,sideways,medium,below
2023-10-06,21.57,21.7,21.44,21.57,1180147,sideways,low,below
2023-10-09,21.61,21.7,21.17,21.61,907244,sideways,medium,below
2023-10-10,21.66,21.74,21.52,21.66,1005631,sideways,low,above
2023-10-11,21.7,21.79,21.57,21.79,825703,slight up,low,above
2023-10-12,21.83,22.01,21.7,21.79,1121340,sideways,low,above
2023-10-13,21.66,21.83,21.22,21.83,1133078,sideways,medium,above
2023-10-16,21.74,22.01,21.3,21.83,809862,sideways,medium,above
2023-10-17,21.83,21.92,21.7,21.79,877923,sideways,low,below
2023-10-18,21.7,21.88,21.66,21.74,1230876,sideways,low,below
2023-10-19,21.74,21.83,21.3,21.66,1154237,sideways,medium,below
2023-10-20,21.66,21.92,21.48,21.52,1103396,slight down,medium,below
2023-10-23,21.61,21.83,21.61,21.83,1418134,slight up,low,above
2023-10-24,21.92,22.71,21.88,22.71,1642066,strong up,medium,above
2023-10-25,22.76,22.84,22.62,22.8,1121037,sideways,low,above
2023-10-26,22.8,22.8,22.32,22.45,1199630,slight down,medium,above
2023-10-27,22.49,22.58,22.23,22.49,1194540,sideways,low,above
2023-10-30,22.49,22.54,22.32,22.32,1000102,slight down,low,below
2023-10-31,22.18,22.71,22.14,22.71,1085490,slight up,medium,above
2023-11-01,22.71,22.89,22.67,22.8,1198681,sideways,low,above
2023-11-02,22.8,22.89,22.67,22.84,1031200,sideways,low,above
2023-11-03,22.84,22.89,21.39,21.39,2027607,strong down,high,below
2023-11-06,21.74,22.45,21.74,22.27,994274,strong up,medium,below
2023-11-07,22.01,22.32,21.44,21.48,1441512,strong down,high,below
2023-11-08,21.48,21.96,21.22,21.96,1083367,strong up,medium,below
2023-11-09,21.96,21.96,21.57,21.57,1260354,slight down,low,below
2023-11-10,21.35,21.61,20.95,20.95,1384998,strong down,medium,below
2023-11-13,20.29,20.6,20.2,20.25,1516695,strong down,low,below
2023-11-14,20.25,20.69,20.03,20.38,1663653,slight up,medium,below
2023-11-15,20.38,20.91,20.38,20.69,1458439,slight up,medium,below
2023-11-16,20.56,20.69,20.25,20.64,1651967,sideways,medium,above
2023-11-17,20.69,20.69,19.85,20.38,1591838,slight down,high,below
2023-11-20,20.11,20.38,19.63,20.38,2119247,sideways,medium,below
2023-11-21,20.25,20.38,19.85,20.38,1518062,sideways,medium,below
2023-11-22,20.29,20.33,19.89,20.33,1392262,sideways,medium,below
2023-11-23,20.03,20.25,19.94,20.25,1351893,sideways,low,below
2023-11-24,20.11,20.33,19.63,20.33,2328205,sideways,medium,below
2023-11-27,19.89,20.33,19.89,20.29,1412938,sideways,medium,below
2023-11-28,19.94,20.29,19.89,20.29,1428439,sideways,low,below
2023-11-29,20.25,20.29,19.94,20.29,1618947,sideways,low,below
2023-11-30,20.16,20.25,19.89,19.89,1411382,slight down,low,below
2023-12-01,19.76,20.16,19.72,19.98,1137719,sideways,medium,below
2023-12-04,19.98,20.07,19.76,20.03,1266810,sideways,low,below
2023-12-05,19.98,20.03,19.81,19.98,978127,sideways,low,below
2023-12-06,19.94,19.98,19.85,19.98,1103914,sideways,low,above
2023-12-07,19.94,19.98,19.81,19.98,1386339,sideways,low,below
2023-12-08,19.98,19.98,19.81,19.98,1421193,sideways,low,below
2023-12-11,19.89,19.98,19.81,19.94,1078777,sideways,low,below
2023-12-12,19.94,19.94,19.81,19.94,1165999,sideways,low,below
2023-12-13,19.94,19.98,19.81,19.89,1115474,sideways,low,below
2023-12-14,19.89,19.98,19.81,19.89,1035101,sideways,low,below
2023-12-15,19.85,19.89,19.72,19.89,1231768,sideways,low,below
2023-12-18,19.89,19.89,19.72,19.89,1082268,sideways,low,below
2023-12-19,19.72,19.89,19.72,19.89,1005212,sideways,low,below
2023-12-20,19.72,19.89,19.72,19.89,1026116,sideways,low,below
2023-12-21,19.89,19.89,19.76,19.89,1151121,sideways,low,below
2023-12-22,19.89,19.94,19.72,19.89,1245738,sideways,low,below
2023-12-25,19.89,20.03,19.81,19.94,1082226,sideways,low,above
2023-12-26,19.94,20.03,19.85,19.98,1004496,sideways,low,above
2023-12-27,19.98,20.03,19.94,19.94,1035073,sideways,low,above
2023-12-28,19.94,21.13,19.85,20.82,1321862,strong up,high,above
2023-12-29,20.86,21.08,20.86,21.04,1220462,slight up,low,above
2024-01-02,21.04,21.22,20.42,21.08,1283313,sideways,medium,above
2024-01-03,21.08,21.08,20.51,20.51,1271031,strong down,medium,below
2024-01-04,20.56,21.04,20.29,20.73,1178659,slight up,medium,below
2024-01-05,20.73,21.04,20.6,20.78,1134446,sideways,medium,below
2024-01-08,20.78,20.86,20.51,20.51,1050832,slight down,low,below
2024-01-09,20.38,20.69,20.38,20.64,1080732,slight up,low,above
2024-01-10,20.64,20.69,20.38,20.6,1268679,sideways,low,below
2024-01-11,20.6,21.04,20.42,20.78,1367620,slight up,medium,above
2024-01-12,20.78,20.78,20.47,20.64,1200913,slight down,low,above
2024-01-15,20.64,20.64,20.47,20.51,1185571,slight down,low,below
2024-01-16,20.29,20.56,20.07,20.2,1124126,slight down,medium,below
2024-01-17,20.16,20.38,20.11,20.29,1633675,sideways,low,below
2024-01-18,20.33,20.38,20.16,20.29,1982922,sideways,low,below
2024-01-19,20.29,20.38,20.2,20.33,1857110,sideways,low,above
2024-01-22,20.38,20.51,20.29,20.47,1726954,slight up,low,above
2024-01-23,20.47,20.51,20.16,20.33,1378928,slight down,low,below
2024-01-24,20.29,20.47,20.07,20.33,1390683,sideways,low,below
2024-01-25,20.38,20.38,20.11,20.33,1371296,sideways,low,below
2024-01-26,20.16,20.33,20.16,20.33,1452888,sideways,low,below
2024-01-29,20.29,20.33,20.16,20.25,1345391,sideways,low,below
2024-01-30,20.16,20.25,20.07,20.25,1383719,sideways,low,below
2024-01-31,20.25,20.33,19.72,20.16,1616651,sideways,medium,below
2024-02-01,19.98,20.16,19.81,20.03,1354998,slight down,low,below
2024-02-02,19.98,20.07,19.54,20.03,2020251,sideways,medium,below
2024-02-05,20.03,20.29,19.67,20.25,1574234,slight up,medium,above
2024-02-06,20.25,20.33,20.03,20.25,1345912,sideways,low,above
2024-02-07,20.2,20.42,19.98,20.42,1475384,slight up,medium,above
2024-02-15,20.42,20.51,20.11,20.47,1561541,sideways,low,above
2024-02-16,20.51,20.51,20.25,20.47,1301006,sideways,low,above
2024-02-19,20.47,20.51,20.11,20.29,1430719,slight down,low,below
2024-02-20,20.33,20.33,20.03,20.25,1495967,sideways,low,below
2024-02-21,20.11,20.29,19.89,20.2,1681549,sideways,low,below
2024-02-22,20.2,20.25,19.94,20.25,1391538,sideways,low,below
2024-02-23,20.25,20.42,20.07,20.25,1502059,sideways,low,above
2024-02-26,20.07,20.25,19.98,20.16,1290611,sideways,low,below
2024-02-27,20.16,20.16,19.85,20.16,1765623,sideways,low,below
2024-02-28,19.94,20.2,19.89,20.2,1603321,sideways,low,below
2024-02-29,20.2,20.25,19.94,20.16,1433794,sideways,low,below
2024-03-01,19.98,20.2,19.94,20.2,1385983,sideways,low,above
2024-03-04,20.2,20.25,19.98,20.11,1503749,sideways,low,below
2024-03-05,20.11,20.11,19.94,20.11,1450299,sideways,low,below
2024-03-06,19.98,20.11,19.85,20.03,1532248,sideways,low,below
2024-03-07,20.03,20.03,19.85,20.03,1442536,sideways,low,below
2024-03-08,20.03,20.07,19.76,19.98,1385788,sideways,low,below
2024-03-11,19.94,19.98,19.59,19.85,1764656,slight down,low,below
2024-03-12,19.89,19.89,19.59,19.85,1474802,sideways,low,below
2024-03-13,19.85,19.94,19.63,19.89,1416086,sideways,low,below
2024-03-14,19.89,19.94,19.67,19.89,1498243,sideways,low,below
2024-03-15,19.89,19.98,19.67,19.89,1549723,sideways,low,above
2024-03-18,19.89,19.94,19.59,19.76,1391144,slight down,low,below
2024-03-19,19.63,19.76,19.45,19.76,1463357,sideways,low,below
2024-03-20,19.63,19.85,19.5,19.85,1571098,sideways,low,above
2024-03-21,19.89,19.94,19.63,19.85,1327810,sideways,low,above
2024-03-22,19.85,19.89,19.67,19.67,1353467,slight down,low,below
2024-03-25,19.54,19.72,19.45,19.45,1428999,slight down,low,below
2024-03-26,19.54,19.67,19.37,19.63,1385730,slight up,low,below
2024-03-27,19.41,19.67,19.37,19.54,1430852,sideways,low,below
2024-03-28,19.41,19.54,19.32,19.54,1341603,sideways,low,below
2024-03-29,19.32,19.5,19.32,19.45,1373692,sideways,low,below
2024-04-01,19.45,19.5,19.19,19.45,1403949,sideways,low,below
2024-04-02,19.19,19.45,19.1,19.41,1350348,sideways,low,below
2024-04-03,19.15,19.41,19.01,19.37,2067396,sideways,medium,below
2024-04-04,19.41,19.45,19.15,19.37,1372141,sideways,low,below
2024-04-05,19.15,19.37,19.06,19.32,1408733,sideways,low,below
2024-04-08,19.15,19.32,19.01,19.28,1448098,sideways,low,below
2024-04-09,19.1,19.28,19.01,19.28,1600541,sideways,low,below
2024-04-10,19.28,19.37,19.06,19.37,2010323,sideways,low,above
2024-04-11,19.1,19.41,19.1,19.41,2017227,sideways,low,above
2024-04-12,19.45,19.89,19.37,19.89,2563307,strong up,medium,above
2024-04-15,19.85,19.89,19.37,19.67,2154778,slight down,medium,above
2024-04-16,19.72,19.72,18.31,19.5,2587126,slight down,high,below
2024-04-17,19.54,19.89,19.23,19.54,2152191,sideways,medium,below
2024-04-19,19.54,19.59,18.93,19.45,2113576,sideways,medium,below
2024-04-22,19.45,19.63,19.15,19.5,2197341,sideways,medium,below
2024-04-23,19.28,19.5,18.93,19.37,2202345,slight down,medium,below
2024-04-24,19.37,19.5,19.28,19.45,2019728,sideways,low,below
2024-04-25,19.41,19.45,19.01,19.37,2171611,sideways,medium,below
2024-04-26,19.37,19.37,18.93,19.37,2234848,sideways,medium,below
2024-05-02,19.37,19.41,19.06,19.32,1786780,sideways,low,below
2024-05-03,19.37,19.37,19.1,19.28,1906673,sideways,low,below
2024-05-06,19.28,19.37,19.1,19.37,1885037,sideways,low,above
2024-05-07,19.37,19.41,19.19,19.41,1926174,sideways,low,above
2024-05-08,19.41,19.45,19.15,19.28,2727115,slight down,low,below
2024-05-09,19.32,19.37,19.15,19.32,1979795,sideways,low,below
2024-05-10,19.32,19.37,19.1,19.15,2040635,slight down,low,below
2024-05-13,19.19,19.23,19.01,19.15,1855772,sideways,low,below
2024-05-14,19.19,19.19,19.01,19.1,1292540,sideways,low,below
2024-05-15,19.1,19.15,18.97,19.15,1499155,sideways,low,below
2024-05-16,19.15,19.5,19.01,19.45,1895253,slight up,medium,above
2024-05-17,19.45,19.45,19.1,19.37,1717263,sideways,low,above
2024-05-20,19.37,19.41,19.19,19.37,1772029,sideways,low,above
2024-05-21,19.37,19.37,19.15,19.32,1643512,sideways,low,below
2024-05-22,19.32,19.37,19.1,19.28,1707409,sideways,low,below
2024-05-23,19.28,19.32,19.06,19.32,1793221,sideways,low,below
2024-05-24,19.32,19.32,19.01,19.23,1870071,sideways,low,below
2024-05-27,19.15,19.23,19.01,19.06,1599282,slight down,low,below
2024-05-28,19.06,19.06,18.84,19.06,1795105,sideways,low,below
2024-05-29,19.06,19.06,18.75,19.01,1908984,sideways,low,below
2024-05-30,18.84,18.97,18.75,18.93,1810589,sideways,low,below
2024-05-31,18.93,18.93,18.75,18.93,1555017,sideways,low,below
2024-06-03,18.93,19.1,18.84,19.01,1536171,sideways,low,above
2024-06-04,19.01,19.01,18.84,19.01,1588919,sideways,low,above
2024-06-05,18.88,19.1,18.88,19.1,1514441,sideways,low,above
2024-06-06,19.19,19.19,18.97,19.1,1708165,sideways,low,above
2024-06-07,19.06,19.15,18.93,19.06,1626210,sideways,low,above
2024-06-10,19.06,19.1,18.93,19.06,1530941,sideways,low,below
2024-06-11,19.06,19.06,18.79,18.97,1541502,sideways,low,below
2024-06-12,18.97,19.01,18.71,19.01,1670366,sideways,low,below
2024-06-13,19.01,19.1,18.97,19.1,2332448,sideways,low,above
2024-06-14,19.1,20.07,19.01,19.37,3330809,slight up,high,above
2024-06-17,19.59,20.25,19.41,19.72,4300441,slight up,high,above
2024-06-18,19.81,20.33,19.81,19.98,4049926,slight up,medium,above
2024-06-19,20.07,20.33,19.98,20.16,4469320,slight up,low,above
2024-06-20,20.2,20.69,20.2,20.47,4499154,slight up,medium,above
2024-06-21,20.64,21.13,20.6,20.91,4239539,strong up,medium,above
2024-06-24,21.04,21.08,19.76,19.89,5241097,strong down,high,below
2024-06-25,19.89,19.94,18.62,18.62,3716076,strong down,high,below
2024-06-26,18.71,19.32,18.22,18.62,3419384,sideways,high,below
2024-06-27,18.66,18.66,17.61,18.31,3591814,slight down,high,below
2024-06-28,18.27,18.31,17.78,18.31,3107122,sideways,medium,below
2024-07-01,18.31,18.35,17.96,18.35,3336175,sideways,medium,below
2024-07-02,18.4,18.4,18.0,18.4,3652527,sideways,medium,above
2024-07-03,18.35,18.44,18.09,18.44,3008775,sideways,low,above
